Position,Predicted Value
0,1.0326
50,0.0
100,0.0
150,0.0
200,0.0
250,0.0
300,0.0
350,0.0
400,0.0
450,0.0
500,0.0
550,0.0
600,0.0
650,0.0
700,0.0
750,0.0
800,0.0
850,0.0
900,0.0
950,0.0
1000,0.0
1050,0.0
1100,0.0
1150,0.0
1200,12.3175
1250,0.0
1300,0.0
1350,0.0
1400,0.0
1450,0.0
1500,0.0
1550,0.0
1600,0.0
1650,0.0
1700,0.0
1750,0.0
1800,0.0
1850,0.0
1900,0.0
1950,0.0
2000,0.0
2050,2.1589
2100,0.0
2150,0.0
2200,0.0
2250,0.0
2300,0.0
2350,0.0
2400,0.0
2450,0.0
2500,0.0
2550,0.0
2600,0.0
2650,0.0
2700,0.0
2750,0.0
2800,0.0
2850,0.0
2900,0.0
2950,0.0
3000,0.0
3050,0.0
3100,0.0
3150,0.0
3200,0.0
3250,0.0
3300,0.0
3350,0.0
3400,0.0
3450,0.0
3500,0.0
3550,0.0
3600,0.0
3650,0.0
3700,0.0
3750,0.0
3800,0.0
3850,0.0
3900,0.0
3950,0.0
4000,0.0
4050,0.0
4100,0.0
4150,0.0
4200,0.6241
4250,0.7141
4300,0.0
4350,3.9826
4400,0.0
4450,0.0
4500,0.0
4550,0.0
4600,0.0
4650,0.0
4700,0.0
4750,0.0
4800,3.6764
4850,0.0
4900,0.0
4950,0.0
5000,0.0
5050,0.0
5100,0.0
5150,0.0
5200,1.6733
5250,0.0
5300,0.1588
5350,0.0
5400,0.0
5450,0.0
5500,0.0
5550,0.0
5600,0.0
5650,0.0
5700,0.0
5750,0.0
5800,0.0
5850,0.0
5900,0.0
5950,0.0
6000,0.0
6050,18.9637
6100,18.9676
6150,0.0
6200,0.0
6250,0.0
6300,0.0
6350,0.0
6400,0.0
6450,0.0
6500,0.0
6550,0.0
6600,0.0
6650,0.0
6700,0.0
6750,0.0
6800,0.0
6850,0.0
6900,0.0
6950,0.0
7000,0.0
7050,0.0
7100,0.0
7150,0.0
7200,0.0
7250,0.0
7300,0.0
7350,0.0
7400,0.0
7450,0.0
7500,0.0
7550,0.0
7600,0.0
7650,0.0
7700,0.0
7750,0.0
7800,0.0
7850,0.0
7900,0.0
7950,0.0
8000,0.0
8050,0.0
8100,0.0
8150,0.0
8200,0.0
8250,0.0
8300,0.0
8350,0.0
8400,0.0
8450,0.0
8500,0.0
8550,0.0
8600,0.0
8650,0.0
8700,0.0
8750,0.0
8800,0.0
8850,0.0
8900,0.0
8950,0.0
9000,0.0
9050,0.0
9100,0.0
9150,0.0
9200,0.0
9250,0.0
9300,0.0
9350,0.0
9400,0.435
9450,0.2476
9500,0.0
9550,4.7962
9600,0.0
9650,0.0
9700,0.0
9750,0.0
9800,0.0
9850,0.0
9900,0.0
9950,0.0
10000,0.0
10050,0.0
10100,0.0
10150,0.0
10200,0.0
10250,0.0
10300,0.0
10350,0.0
10400,0.0
10450,0.0
10500,0.0
10550,0.0
10600,0.0
10650,0.0
10700,0.0
10750,0.0
10800,0.0
10850,17.9016
10900,15.3041
10950,8.5272
11000,1.8519
11050,1.4189
11100,3.5895
11150,0.0
11200,0.0
11250,17.5032
11300,7.388
11350,6.1913
11400,4.683
11450,0.0186
11500,0.0
11550,0.0
11600,0.0
11650,0.0
11700,0.0
11750,0.0
11800,0.0
11850,2.352
11900,0.0
11950,0.0
12000,17.4664
12050,5.2812
12100,2.3213
12150,0.0
12200,0.0
12250,0.0
12300,0.0
12350,0.0
12400,0.0
12450,0.0
12500,0.0
12550,0.0
12600,0.0
12650,0.0
12700,0.0
12750,0.0
12800,0.0
12850,0.0
12900,0.0
12950,0.0
13000,0.0
13050,0.0
13100,0.0
13150,0.0
13200,0.0
13250,0.0
13300,0.0
13350,0.0
13400,0.0
13450,0.0
13500,0.0
13550,0.0
13600,0.0
13650,0.0
13700,0.0
13750,0.0
13800,0.0
13850,0.0
13900,0.0
13950,0.0
14000,0.0
14050,0.0
14100,0.0
14150,0.0
14200,0.0
14250,0.0
14300,0.0
14350,0.0
14400,0.0
14450,0.0
14500,0.0
14550,0.0
14600,0.0
14650,0.0
14700,0.0
14750,0.0
14800,0.0
14850,0.0
14900,0.0
14950,0.0
15000,0.0
15050,0.0
15100,0.0
15150,0.0
15200,0.0
15250,18.0744
15300,0.0
15350,0.0
15400,0.0
15450,0.0
15500,0.0
15550,0.0
15600,0.0
15650,0.0
15700,0.0
15750,0.0
15800,2.9681
15850,2.6872
15900,0.0
15950,0.0
16000,0.0
16050,0.0
16100,0.0
16150,0.0
16200,0.0
16250,0.0
16300,0.0
16350,0.0
16400,0.0
16450,0.0
16500,0.0
16550,0.0
16600,0.0
16650,0.0
16700,0.0
16750,0.4127
16800,0.0
16850,0.0
16900,0.0
16950,0.0
17000,0.0
17050,0.0
17100,0.0
17150,0.0
17200,1.2196
17250,2.8338
17300,0.0
17350,0.0
17400,0.2096
17450,0.0
17500,0.0
17550,0.0
17600,0.0
17650,0.0
17700,0.0
17750,0.0
17800,0.0
17850,0.0
17900,1.0787
17950,1.2579
18000,1.3334
18050,0.0
18100,0.0
18150,0.0
18200,0.0
18250,0.0
18300,0.0
18350,0.0
18400,0.0
18450,0.0
18500,0.0
18550,0.3304
18600,1.2847
18650,1.975
18700,0.0
18750,0.0
18800,0.0
18850,0.0
18900,0.0
18950,0.0
19000,0.0
19050,0.0
19100,0.0
19150,0.0
19200,0.0
19250,0.0
19300,0.0
19350,0.0
19400,0.0
19450,0.0
19500,0.0
19550,0.0
19600,0.0
19650,0.0
19700,0.0
19750,0.0
19800,0.0
19850,0.0
19900,0.0
19950,0.0
20000,0.0
20050,0.0
20100,0.0
20150,0.0
20200,0.0
20250,0.0
20300,0.0
20350,0.0
20400,0.0
20450,0.0
20500,0.2333
20550,0.0
20600,0.0
20650,0.0
20700,0.0
20750,0.0
20800,0.0
20850,0.0
20900,0.0
20950,0.0
21000,0.0
21050,0.0
21100,0.0
21150,0.0
21200,0.0
21250,0.0
21300,0.0
21350,0.0
21400,0.0
21450,0.0
21500,0.0
21550,0.0
21600,0.0
21650,0.0
21700,0.0
21750,0.0
21800,0.0
21850,0.0
21900,0.0
21950,0.0
22000,0.0
22050,0.0
22100,0.0
22150,0.0
22200,0.0
22250,0.0
22300,0.0
22350,0.0
22400,0.0
22450,0.0
22500,0.0
22550,0.0
22600,0.0
22650,0.0
22700,0.0
22750,0.0
22800,0.0
22850,0.0
22900,0.0
22950,0.0
23000,0.0
23050,0.0
23100,0.0
23150,0.0
23200,0.0
23250,0.0
23300,0.0
23350,0.0
23400,0.0
23450,0.0
23500,0.0
23550,0.0
23600,18.65
23650,18.6671
23700,13.0398
23750,0.1926
23800,0.0
23850,0.0
23900,0.0
23950,0.0
24000,0.0
24050,0.0
24100,0.0
24150,0.0
24200,0.0
24250,0.0
24300,0.0
24350,0.0
24400,0.0
24450,0.0
24500,0.0
24550,0.0
24600,0.0
24650,0.0
24700,0.0
24750,0.0
24800,5.2965
24850,2.6778
24900,0.0
24950,0.0
25000,0.0
25050,0.0
25100,0.0
25150,0.0
25200,0.0
25250,0.0
25300,0.0
25350,0.0
25400,0.0
25450,0.0
25500,0.0
25550,0.0
25600,0.0
25650,0.0
25700,0.0
25750,0.0
25800,0.0
25850,0.0
25900,0.0
25950,0.0
26000,0.0
26050,0.0
26100,0.0
26150,0.0
26200,0.0
26250,0.0
26300,0.0
26350,0.0
26400,0.0
26450,0.0
26500,0.0
26550,0.0
26600,0.0
26650,0.0
26700,0.0
26750,0.0
26800,0.0
26850,0.0
26900,0.0
26950,0.0
27000,0.0
27050,0.0
27100,0.0
27150,0.0
27200,0.0
27250,0.0
27300,0.0
27350,0.0
27400,0.0
27450,0.0
27500,0.0
27550,0.0
27600,0.0
27650,0.0
27700,0.0
27750,0.0
27800,0.0
27850,0.0
27900,0.0
27950,0.0
28000,0.0
28050,0.0
28100,0.0
28150,0.0
28200,0.0
28250,0.4931
28300,2.2164
28350,1.8345
28400,1.7333
28450,0.0
28500,0.0
28550,0.0
28600,0.0
28650,0.0
28700,0.0
28750,0.0
28800,0.0
28850,0.0
28900,0.0
28950,0.0
29000,0.0
29050,0.0
29100,0.0
29150,0.0
29200,0.0
29250,0.0
29300,0.0
29350,0.0
29400,0.0
29450,0.0
29500,0.0
29550,0.0
29600,0.0
29650,0.0
29700,0.0
29750,0.0
29800,0.0
29850,3.4083
29900,17.9244
29950,0.0
30000,0.0
30050,0.0
30100,0.0
30150,0.0
30200,0.0
30250,0.0
30300,0.0
30350,0.0
30400,0.0
30450,0.0
30500,0.0
30550,0.0
30600,0.0
30650,0.0
30700,0.0
30750,0.0
30800,0.0
30850,0.0
30900,0.0
30950,0.0
31000,0.0
31050,0.0
31100,0.0
31150,0.0
31200,0.0
31250,0.0
31300,0.0
31350,0.0
31400,0.0
31450,0.0
31500,0.0
31550,0.0
31600,0.0
31650,0.0
31700,0.0
31750,0.0
31800,0.6138
31850,1.3177
31900,0.0
31950,0.0
32000,0.0
32050,0.0
32100,0.0
32150,0.0
32200,0.0
32250,0.0
32300,0.0
32350,0.0
32400,0.0
32450,0.0
32500,0.0
32550,0.0
32600,0.0
32650,0.0
32700,0.0
32750,0.0
32800,0.0
32850,0.0
32900,0.0
32950,0.0
33000,0.0
33050,0.0
33100,0.0
33150,0.0
33200,0.0
33250,0.0
33300,0.0
33350,0.0
33400,0.1483
33450,0.2549
33500,0.0
33550,0.0
33600,0.0
33650,0.0
33700,0.4933
33750,0.0
33800,0.0
33850,0.0
33900,0.0
33950,0.0
34000,0.0
34050,0.0
34100,0.0
34150,0.0
34200,0.0
34250,0.0
34300,0.0
34350,0.0
34400,0.0
34450,0.0
34500,0.0
34550,0.0
34600,0.0
34650,0.0
34700,0.0
34750,0.0
34800,0.0
34850,0.0
34900,0.0
34950,0.0
35000,0.0
35050,0.0
35100,0.0
35150,0.0
35200,0.0
35250,0.0
35300,0.0
35350,0.0
35400,0.0
35450,0.0
35500,0.0
35550,0.0
35600,0.0
35650,0.0
35700,0.0
35750,0.0
35800,0.0
35850,0.0
35900,0.0
35950,0.0
36000,0.0
36050,0.0
36100,0.0
36150,0.0
36200,0.0
36250,0.0
36300,0.0
36350,0.1833
36400,0.5406
36450,0.7335
36500,0.0
36550,0.0
36600,0.0
36650,0.0
36700,0.0
36750,0.0
36800,0.0
36850,0.0
36900,0.0
36950,0.0
37000,0.0
37050,0.0
37100,0.0
37150,0.0
37200,0.0
37250,0.0
37300,0.0
37350,0.0
37400,0.0
37450,0.0
37500,0.0
37550,0.0
37600,17.892
37650,15.2997
37700,1.7931
37750,0.0
37800,0.0
37850,0.0
37900,0.0
37950,0.0
38000,0.0
38050,0.0
38100,0.0
38150,0.059
38200,0.0
38250,0.0
38300,0.0
38350,0.0
38400,0.0
38450,0.0
38500,0.0
38550,0.0
38600,0.0
38650,0.0
38700,0.0
38750,0.0
38800,0.0
38850,0.0
38900,0.0
38950,0.0
39000,0.0
39050,0.0
39100,0.0
39150,0.0
39200,0.0
39250,0.0
39300,0.0
39350,0.0
39400,0.0
39450,0.0
39500,18.406
39550,1.024
39600,0.2039
39650,0.0
39700,0.0
39750,0.0
39800,0.0
39850,0.0
39900,0.0
39950,0.0
40000,0.0
40050,0.0
40100,0.0
40150,0.0
40200,0.0
40250,0.0
40300,0.0
40350,0.0
40400,0.0
40450,0.0
40500,0.0
40550,0.0
40600,0.0
40650,0.0
40700,0.0
40750,0.0
40800,0.0
40850,0.0
40900,0.0
40950,0.0
41000,0.0
41050,0.0
41100,0.0
41150,0.0
41200,0.0
41250,0.0
41300,0.0
41350,0.0
41400,0.0
41450,0.0
41500,0.0
41550,0.0
41600,0.0
41650,0.0
41700,0.0
41750,0.0
41800,0.0
41850,0.0
41900,0.0
41950,0.0
42000,0.0
42050,0.0
42100,0.0
42150,0.0
42200,0.0
42250,0.0
42300,0.0
42350,0.0
42400,0.0
42450,0.0
42500,0.0
42550,0.0
42600,0.0
42650,0.0
42700,0.0
42750,0.0
42800,0.0
42850,0.0
42900,0.0
42950,0.0
43000,0.0
43050,0.0
43100,0.0
43150,0.0
43200,0.0
43250,0.0
43300,0.0
43350,0.0
43400,0.0
43450,0.0
43500,0.0
43550,0.0
43600,0.0
43650,0.0
43700,0.0
43750,0.0
43800,0.0
43850,0.0
43900,0.0
43950,0.0
44000,0.0
44050,0.0
44100,0.0
44150,0.0
44200,0.0
44250,0.0
44300,0.0
44350,0.0
44400,0.0
44450,0.0
44500,0.0
44550,0.0
44600,0.0
44650,0.0
44700,0.0
44750,0.0
44800,0.0
44850,0.0
44900,0.0
44950,0.0
45000,0.0
45050,0.0
45100,0.0
45150,0.0
45200,2.1698
45250,2.5357
45300,3.5412
45350,0.0
45400,0.0
45450,0.0
45500,0.0
45550,0.0
45600,0.0
45650,0.0
45700,0.0
45750,0.0
45800,0.0
45850,0.9031
45900,3.1397
45950,3.5586
46000,4.1327
46050,1.8148
46100,0.7659
46150,1.5499
46200,0.0
46250,0.0
46300,0.0
46350,0.0
46400,0.0
46450,0.0
46500,0.0
46550,0.0
46600,0.0
46650,0.0
46700,0.0
46750,0.0
46800,0.0
46850,0.0
46900,0.0
46950,0.0
47000,0.0
47050,0.0
47100,0.0
47150,0.0
47200,0.0
47250,0.0
47300,0.0
47350,0.0
47400,0.0
47450,0.0
47500,0.0
47550,0.0
47600,0.0
47650,0.0
47700,0.0
47750,0.0
47800,0.0
47850,0.0
47900,0.0
47950,0.0
48000,0.0
48050,0.0
48100,0.0
48150,0.0
48200,0.0
48250,0.0
48300,0.0
48350,0.0
48400,0.0
48450,0.0
48500,0.0
48550,0.0
48600,0.0
48650,0.0
48700,0.0
48750,0.0
48800,0.0
48850,0.0
48900,0.0
48950,0.0
49000,0.0
49050,0.0
49100,0.0
49150,0.0
49200,0.0
49250,0.0
49300,0.0
49350,0.0
49400,0.0
49450,0.0
49500,0.0
49550,0.0
49600,0.0
49650,0.0
49700,0.0
49750,0.0
49800,0.0
49850,0.7689
49900,2.8525
49950,6.081
50000,5.836
50050,4.484
50100,3.9529
50150,0.0
50200,0.9535
50250,1.5968
50300,0.0
50350,0.0
50400,0.0
50450,0.0
50500,0.0
50550,0.0
50600,0.0
50650,0.0
50700,0.0
50750,0.0
50800,0.0
50850,0.0
50900,0.0
50950,0.0
51000,0.0
51050,0.0
51100,0.0
51150,0.0
51200,0.0
51250,0.0
51300,0.0
51350,0.0
51400,0.4807
51450,2.1459
51500,5.3075
51550,5.2376
51600,4.797
51650,3.4994
51700,0.0
51750,0.0
51800,0.0
51850,0.0
51900,0.0
51950,0.0
52000,0.0
52050,0.0
52100,0.0
52150,0.0
52200,0.0
52250,0.0
52300,0.0
52350,0.0
52400,0.0
52450,0.0
52500,0.0
52550,0.0
52600,0.0
52650,0.0
52700,0.0
52750,0.0
52800,0.0
52850,0.0
52900,0.0
52950,0.0
53000,0.0
53050,0.0
53100,0.0
53150,0.0
53200,0.0
53250,0.0
53300,0.0
53350,0.0
53400,0.0
53450,0.0
53500,0.0
53550,0.0
53600,0.0
53650,0.0
53700,0.0
53750,0.0
53800,0.0
53850,0.0
53900,0.0
53950,0.0
54000,0.0
54050,0.0
54100,0.0
54150,0.0
54200,0.0
54250,0.0
54300,0.0
54350,0.0
54400,0.0
54450,0.0
54500,0.0
54550,0.0
54600,0.0
54650,0.0
54700,0.0
54750,0.0
54800,17.7431
54850,15.3094
54900,18.3129
54950,4.058
55000,0.0
55050,0.0
55100,0.0
55150,0.0
55200,0.0
55250,0.0
55300,0.0
55350,1.906
55400,0.6123
55450,1.0143
55500,0.8116
55550,0.0
55600,0.0
55650,0.0
55700,0.0
55750,0.0
55800,0.0
55850,0.0
55900,0.0
55950,0.0
56000,0.0
56050,0.0
56100,0.0
56150,0.0
56200,0.0
56250,0.0
56300,0.0
56350,0.0
56400,0.0
56450,0.0
56500,0.0
56550,0.0
56600,0.0
56650,0.0
56700,0.0
56750,0.0
56800,0.0
56850,0.0
56900,0.0
56950,0.0
57000,0.0
57050,0.0
57100,0.0
57150,0.0
57200,0.0
57250,0.0
57300,0.0
57350,0.0
57400,0.0
57450,0.0
57500,0.0
57550,0.0
57600,0.0
57650,0.0
57700,0.0
57750,0.0
57800,0.0
57850,0.0
57900,0.0
57950,0.0
58000,0.0
58050,0.0
58100,0.0
58150,0.0
58200,0.0
58250,0.0
58300,0.0
58350,0.0
58400,0.0
58450,0.3439
58500,0.3982
58550,0.0
58600,0.0
58650,0.0
58700,0.0
58750,0.0
58800,0.0
58850,0.0
58900,0.0
58950,0.0
59000,0.0
59050,0.0
59100,0.0
59150,0.0
59200,0.0
59250,0.0
59300,0.0
59350,0.0
59400,0.0
59450,0.0
59500,0.0
59550,0.0
59600,0.0
59650,0.0
59700,0.0
59750,0.0
59800,0.0
59850,0.0
59900,0.0
59950,0.0
60000,0.0
60050,0.0
60100,0.0
60150,0.0
60200,0.0
60250,0.0
60300,0.0
60350,0.0
60400,0.0
60450,0.0
60500,0.0
60550,15.3791
60600,0.0
60650,0.0
60700,0.0
60750,0.0
60800,0.0
60850,0.0
60900,0.0
60950,0.0
61000,0.0
61050,0.0
61100,0.0
61150,0.0
61200,0.0
61250,0.0
61300,0.0
61350,0.0
61400,0.0
61450,0.0
61500,0.0
61550,0.0
61600,0.0
61650,0.0
61700,0.0
61750,0.0
61800,0.0
61850,0.0
61900,0.0
61950,0.0
62000,0.0
62050,0.0
62100,0.0
62150,0.0
62200,0.0
62250,0.0
62300,0.0
62350,0.0
62400,0.0
62450,0.0
62500,0.0
62550,0.0
62600,0.0
62650,0.0
62700,0.0
62750,0.0
62800,0.0
62850,0.0
62900,0.0
62950,0.0
63000,0.0
63050,0.0
63100,0.0
63150,0.0
63200,0.0
63250,0.0
63300,0.0
63350,0.0
63400,0.0
63450,0.0
63500,0.0
63550,0.0
63600,0.0
63650,0.0
63700,0.0
63750,0.0
63800,0.0
63850,0.0
63900,0.0
63950,0.0
64000,0.0
64050,0.0
64100,0.0
64150,0.0
64200,0.0
64250,0.0
64300,0.0
64350,0.0
64400,0.0719
64450,0.0
64500,0.0
64550,0.0
64600,0.0
64650,0.0
64700,0.0
64750,0.0
64800,0.0
64850,0.0
64900,6.698
64950,5.3484
65000,4.9668
65050,0.6536
65100,0.0
65150,0.0
65200,0.0
65250,0.0
65300,0.0
65350,0.0
65400,0.0
65450,0.0
65500,0.0
65550,0.0
65600,0.0
65650,0.0
65700,0.0
65750,0.0
65800,0.0
65850,0.0
65900,0.0
65950,0.0
66000,0.0
66050,0.0
66100,0.0
66150,0.0
66200,0.0
66250,0.0
66300,0.0
66350,0.0
66400,0.0
66450,0.0
66500,0.0
66550,0.0
66600,0.0
66650,0.0
66700,0.0
66750,0.0
66800,0.0
66850,0.0
66900,0.0
66950,0.0
67000,0.0
67050,0.0
67100,0.0
67150,0.0
67200,0.0
67250,0.0
67300,0.0
67350,0.0
67400,0.0
67450,0.0
67500,0.0
67550,0.0
67600,0.0
67650,0.0
67700,0.0
67750,0.0
67800,0.0
67850,0.0
67900,0.0
67950,0.0
68000,0.0
68050,0.0
68100,0.0
68150,0.0
68200,0.0
68250,0.0
68300,0.768
68350,1.4474
68400,1.8656
68450,1.7521
68500,0.0
68550,0.0
68600,0.0
68650,0.0
68700,0.0
68750,0.0
68800,0.0
68850,0.0
68900,0.0
68950,18.8452
69000,2.7184
69050,3.3975
69100,1.3721
69150,0.0
69200,0.0
69250,0.0
69300,0.0
69350,0.0
69400,0.0
69450,0.0
69500,0.0
69550,0.0
69600,0.0
69650,0.0
69700,0.0
69750,0.0
69800,0.0
69850,0.0
69900,0.0
69950,0.0
70000,0.0
70050,0.0
70100,2.6256
70150,2.9934
70200,2.5113
70250,0.0
70300,0.0
70350,0.0
70400,0.0
70450,0.0
70500,0.0
70550,0.0
70600,0.0
70650,0.0
70700,0.0
70750,0.0
70800,0.0
70850,0.0
70900,0.0
70950,0.0
71000,0.0
71050,0.0
71100,0.0
71150,0.0
71200,1.9423
71250,0.0
71300,0.0
71350,0.0
71400,0.0
71450,0.0
71500,0.0
71550,0.0
71600,0.0
71650,0.0
71700,0.0
71750,0.0
71800,0.0
71850,0.0
71900,0.0
71950,0.0
72000,0.0
72050,0.0
72100,0.0
72150,0.0
72200,0.0
72250,0.0
72300,0.0
72350,0.0
72400,0.2198
72450,0.0
72500,0.0
72550,0.0
72600,0.0
72650,0.0
72700,0.0
72750,0.0
72800,0.0
72850,0.0
72900,0.0
72950,0.0
73000,0.0
73050,0.0
73100,2.8204
73150,3.5454
73200,2.0315
73250,0.0
73300,0.0
73350,0.0
73400,0.6154
73450,0.0
73500,0.0
73550,0.0
73600,0.0
73650,0.0
73700,0.0
73750,0.0
73800,0.0
73850,0.0
73900,0.0
73950,0.0
74000,0.0
74050,0.0
74100,0.0
74150,0.0
74200,0.0
74250,0.0
74300,0.0
74350,0.0
74400,0.0
74450,0.0
74500,0.0
74550,0.0
74600,0.0
74650,0.0
74700,0.0
74750,0.0
74800,0.0
74850,0.0
74900,0.733
74950,0.0
75000,0.0
75050,0.0
75100,0.0
75150,0.0
75200,0.0
75250,0.0
75300,0.0
75350,0.0
75400,0.0
75450,0.0
75500,0.0
75550,0.0
75600,0.0
75650,0.0
75700,0.0
75750,0.0
75800,0.0
75850,0.0
75900,0.0
75950,0.0
76000,0.0
76050,0.0
76100,0.0
76150,0.0
76200,0.0
76250,0.0
76300,0.0
76350,0.0
76400,0.0
76450,0.0
76500,0.0
76550,0.0
76600,0.0
76650,0.0
76700,0.0
76750,0.0
76800,0.0
76850,0.0
76900,0.0
76950,0.0
77000,0.0
77050,0.0
77100,0.0
77150,0.0
77200,0.0
77250,0.0
77300,0.0
77350,0.0
77400,0.0
77450,1.1652
77500,2.91
77550,3.9644
77600,0.0
77650,0.0
77700,0.0
77750,0.0
77800,0.0
77850,3.0602
77900,2.2153
77950,1.3759
78000,0.0
78050,0.0
78100,0.0
78150,0.0
78200,0.0
78250,0.0
78300,0.0
78350,0.0
78400,0.0
78450,0.0
78500,0.0
78550,0.0
78600,0.0
78650,0.0
78700,0.0
78750,0.0
78800,4.3931
78850,5.3693
78900,2.8101
78950,0.5751
79000,0.0
79050,0.0
79100,0.0
79150,0.0
79200,0.0
79250,0.057
79300,2.8196
79350,4.8227
79400,21.5761
79450,32.0125
79500,27.7472
79550,24.0462
79600,20.039
79650,16.2356
79700,14.7197
79750,28.1002
79800,28.4461
79850,22.9813
79900,6.1254
79950,5.6944
80000,3.515
80050,1.5867
80100,14.8977
80150,2.8177
80200,17.5847
80250,9.7095
80300,13.7873
80350,16.3731
80400,15.2816
80450,0.0
80500,0.8467
80550,0.5178
80600,1.5107
80650,1.3944
80700,1.5817
80750,4.4469
80800,19.6511
80850,1.9431
80900,0.0
80950,0.0
81000,0.0
81050,0.0
81100,0.447
81150,0.5714
81200,0.0995
81250,0.0
81300,1.0729
81350,1.7688
81400,2.9838
81450,4.4015
81500,2.0098
81550,0.0
81600,0.0
81650,0.0
81700,0.0
81750,0.0
81800,0.0
81850,0.0
81900,0.0
81950,0.0
82000,0.0
82050,0.0
82100,0.0
82150,0.0
82200,0.0
82250,0.0
82300,0.3305
82350,0.0
82400,0.0
82450,0.0
82500,2.2268
82550,2.7736
82600,0.3259
82650,0.0
82700,0.0
82750,0.0
82800,0.0
82850,0.0
82900,0.0
82950,0.4641
83000,0.0
83050,0.0
83100,0.0
83150,0.0
83200,0.0
83250,0.0
83300,0.0
83350,0.0
83400,0.0
83450,0.0
83500,0.0
83550,0.0
83600,0.0
83650,0.0
83700,0.0
83750,0.0
83800,0.0
83850,0.0
83900,0.0
83950,19.3193
84000,0.0
84050,0.0
84100,0.0
84150,0.0
84200,0.0
84250,0.0
84300,1.2668
84350,0.6124
84400,0.0
84450,0.0
84500,0.0
84550,0.0
84600,0.0
84650,0.0
84700,0.0
84750,0.0
84800,0.0
84850,0.0
84900,0.0
84950,0.0
85000,0.0
85050,0.0
85100,0.0
85150,0.0
85200,0.0
85250,0.0
85300,0.0
85350,0.0
85400,0.0
85450,0.0
85500,0.2311
85550,0.0
85600,0.0
85650,0.0
85700,0.0
85750,0.0
85800,0.0
85850,0.0
85900,0.0
85950,0.0
86000,0.0
86050,0.0
86100,0.0
86150,0.0
86200,0.0
86250,0.0
86300,0.0
86350,0.0
86400,0.0
86450,0.0
86500,0.0
86550,0.0
86600,0.0
86650,0.0
86700,0.0
86750,0.0
86800,0.0
86850,0.0
86900,0.0
86950,0.0
87000,0.0
87050,0.0
87100,0.0
87150,0.0
87200,0.0
87250,0.0
87300,0.0
87350,0.0
87400,0.0
87450,0.0
87500,0.0
87550,0.0
87600,0.0
87650,0.0
87700,0.0
87750,0.0
87800,0.0
87850,0.0
87900,0.0
87950,0.0
88000,0.0
88050,0.0
88100,0.0
88150,0.0
88200,0.0
88250,0.0
88300,0.0
88350,0.0
88400,0.0
88450,0.0
88500,0.0
88550,0.0
88600,0.0
88650,0.0
88700,0.0
88750,0.0
88800,19.2537
88850,19.5528
88900,18.3009
88950,17.4739
89000,0.0
89050,0.0
89100,0.0
89150,0.0
89200,0.0
89250,0.0
89300,0.0
89350,0.0
89400,0.0
89450,0.0
89500,0.0
89550,0.0
89600,0.0
89650,0.0
89700,0.0
89750,0.0
89800,0.0
89850,0.2531
89900,0.0
89950,0.0
90000,0.0
90050,0.0
90100,0.0
90150,0.0
90200,0.0
90250,0.0
90300,0.0
90350,0.0
90400,0.0
90450,0.5583
90500,0.0
90550,0.0
90600,0.0
90650,0.0
90700,0.0
90750,0.0
90800,0.0
90850,0.0
90900,0.0
90950,0.0
91000,0.0
91050,0.0
91100,0.0
91150,17.8923
91200,0.0
91250,0.0
91300,0.0
91350,0.0
91400,0.0
91450,0.0
91500,0.0
91550,0.0
91600,0.0
91650,0.0
91700,0.0
91750,0.0
91800,0.0
91850,19.0818
91900,20.6788
91950,19.7177
92000,19.0173
92050,0.0
92100,0.0
92150,0.0
92200,0.0
92250,0.0
92300,0.0
92350,0.0
92400,0.0
92450,0.0
92500,0.0
92550,0.0
92600,0.0
92650,0.0
92700,0.0
92750,0.0
92800,0.0
92850,0.0
92900,0.0
92950,0.0
93000,0.0
93050,0.0
93100,0.0
93150,0.0
93200,0.0
93250,0.0
93300,0.0
93350,0.0
93400,0.0
93450,0.0
93500,0.0
93550,0.0
93600,0.0
93650,0.0
93700,0.0
93750,0.0
93800,0.0
93850,0.0
93900,0.0
93950,0.0
94000,0.0
94050,0.0
94100,0.0
94150,0.0
94200,0.0
94250,0.0
94300,0.0
94350,0.0
94400,0.0
94450,0.0
94500,0.0
94550,0.0
94600,0.0
94650,0.0
94700,0.0
94750,0.0
94800,0.0
94850,0.0
94900,0.9428
94950,1.1209
95000,0.0
95050,1.2661
95100,0.0
95150,0.0
95200,0.3099
95250,0.0
95300,0.0
95350,0.0
95400,0.0
95450,0.5892
95500,0.0
95550,0.0
95600,0.0
95650,0.0
95700,0.0
95750,0.0
95800,1.6294
95850,0.0
95900,0.0
95950,0.0
96000,0.0
96050,0.0
96100,0.0
96150,0.0
96200,0.0
96250,0.0
96300,0.0
96350,0.0
96400,0.0
96450,0.0
96500,0.0
96550,0.0
96600,0.0
96650,0.0
96700,0.0
96750,0.0
96800,0.0
96850,0.0
96900,0.0
96950,0.0
97000,0.0
97050,0.0
97100,0.0
97150,0.0
97200,0.0
97250,0.0
97300,0.0
97350,0.0
97400,0.0
97450,0.0
97500,0.0
97550,0.0
97600,0.0
97650,0.0
97700,0.0
97750,0.0134
97800,0.0
97850,0.0
97900,0.0
97950,0.0
98000,0.0
98050,0.0
98100,0.0
98150,0.0
98200,2.0299
98250,1.1568
98300,0.0
98350,0.0
98400,0.0
98450,0.0
98500,0.0
98550,0.0
98600,0.0
98650,0.0
98700,0.0
98750,0.0
98800,0.0
98850,0.0
98900,0.0
98950,0.0
99000,0.0
99050,0.0
99100,0.0
99150,0.0
99200,0.0
99250,0.0
99300,0.0
99350,0.0
99400,0.0
99450,0.0
99500,0.0
99550,0.0
99600,0.0
99650,0.0
99700,0.0
99750,0.0
99800,0.0
99850,0.0
99900,0.0
99950,0.0
100000,0.0
100050,0.0
100100,0.0
100150,0.0
100200,0.0
100250,0.0
100300,0.0
100350,0.0
100400,0.0
100450,0.0
100500,0.0
100550,0.0
100600,0.0
100650,0.0
100700,0.0
100750,0.0
100800,0.2121
100850,0.0015
100900,0.0
100950,0.0
101000,0.0
101050,0.0
101100,0.0
101150,0.0
101200,0.0
101250,0.0
101300,0.0
101350,0.0
101400,0.0
101450,0.0
101500,0.0
101550,0.0
101600,0.0
101650,0.0
101700,0.0
101750,0.0
101800,0.0
101850,0.0
101900,0.0
101950,0.0
102000,0.0
102050,0.0
102100,0.0
102150,0.0
102200,0.0
102250,0.0
102300,0.0
102350,0.0
102400,0.0
102450,0.0
102500,0.0
102550,0.0
102600,0.0
102650,0.0
102700,0.0
102750,0.0
102800,0.0
102850,0.0
102900,0.0
102950,0.0
103000,0.0
103050,0.0
103100,0.0
103150,0.0
103200,0.0
103250,0.0
103300,0.0
103350,0.0
103400,0.0
103450,0.0
103500,0.0
103550,0.0
103600,0.0
103650,0.0
103700,0.0
103750,0.0
103800,0.0
103850,0.0
103900,0.0
103950,0.0
104000,0.0
104050,0.0
104100,0.0
104150,0.0
104200,0.0
104250,0.0
104300,0.0
104350,0.0
104400,0.0
104450,0.0
104500,18.9601
104550,34.9195
104600,37.6404
104650,37.3282
104700,26.8255
104750,0.0
104800,11.2489
104850,0.0
104900,0.0
104950,0.0
105000,0.0
105050,0.0
105100,0.0
105150,0.0
105200,0.0
105250,0.0
105300,0.0
105350,0.0
105400,0.0
105450,0.0
105500,0.0
105550,0.0
105600,0.0
105650,0.0
105700,0.0
105750,0.0
105800,0.0
105850,0.0
105900,0.0
105950,0.0
106000,0.0
106050,0.0
106100,0.0
106150,0.0
106200,0.0
106250,0.0
106300,0.0
106350,0.0
106400,0.0
106450,0.0
106500,0.0
106550,0.0
106600,0.0
106650,0.0
106700,0.0
106750,0.0
106800,0.0
106850,0.0
106900,0.0
106950,0.0
107000,0.0
107050,0.0
107100,0.0
107150,0.0
107200,0.0
107250,0.0
107300,0.0
107350,0.0
107400,0.0
107450,0.0
107500,0.0
107550,0.0
107600,0.0
107650,0.0
107700,0.0
107750,0.0
107800,0.0
107850,0.0
107900,0.0
107950,0.0
108000,0.0
108050,0.0
108100,0.0
108150,0.0
108200,0.0
108250,0.0
108300,0.0
108350,0.0
108400,0.0
108450,0.0
108500,0.0
108550,0.0
108600,0.0
108650,0.0
108700,0.0
108750,0.0
108800,0.0
108850,0.0
108900,0.7027
108950,0.0
109000,0.0552
109050,0.0
109100,0.0
109150,0.0
109200,0.0
109250,0.0
109300,0.0
109350,0.0
109400,0.0
109450,0.0
109500,0.0
109550,0.0
109600,0.0
109650,0.0
109700,0.0
109750,0.0
109800,0.0
109850,0.0
109900,0.0
109950,3.816
110000,0.0
110050,0.0
110100,0.3342
110150,0.0
110200,0.0
110250,16.7965
110300,0.0
110350,0.0
110400,0.0
110450,17.6899
110500,0.0
110550,0.0
110600,0.0
110650,0.0
110700,0.0
110750,0.0
110800,0.0
110850,0.0
110900,0.0
110950,0.0
111000,0.0
111050,0.0
111100,0.0
111150,0.0
111200,0.0
111250,0.0
111300,0.0
111350,0.0
111400,0.0
111450,0.0
111500,0.0
111550,0.0
111600,0.0
111650,0.0
111700,0.0
111750,0.0
111800,0.0
111850,0.0
111900,0.0
111950,0.0
112000,0.0
112050,0.0
112100,0.0
112150,0.0
112200,0.0
112250,0.0
112300,0.0
112350,0.0
112400,0.0
112450,0.0
112500,0.0
112550,0.0
112600,0.0
112650,0.0
112700,0.0
112750,0.0
112800,0.0
112850,0.0
112900,0.0
112950,0.0
113000,0.0
113050,0.0
113100,0.0
113150,0.0
113200,0.0
113250,0.0
113300,0.0
113350,0.0
113400,0.0
113450,0.0
113500,0.0
113550,0.0
113600,0.0
113650,0.0
113700,0.0
113750,0.0
113800,0.0
113850,0.0
113900,0.0
113950,0.0
114000,0.0
114050,0.0
114100,0.0
114150,0.0
114200,0.0
114250,0.0
114300,0.0
114350,0.0
114400,0.0
114450,0.0
114500,0.0
114550,0.0
114600,0.0
114650,0.0
114700,0.0
114750,0.0
114800,0.0
114850,0.0
114900,0.0
114950,0.0
115000,0.0
115050,0.0
115100,0.0
115150,0.0
115200,1.5105
115250,2.5135
115300,0.6638
115350,0.1854
115400,0.0
115450,0.0
115500,0.0
115550,0.0
115600,0.0
115650,0.2598
115700,0.0
115750,0.0
115800,0.0
115850,0.0
115900,0.0
115950,0.0
116000,0.0
116050,0.0
116100,0.0
116150,0.0
116200,0.0
116250,0.0
116300,0.0
116350,0.0
116400,0.0
116450,0.0
116500,0.0
116550,0.0
116600,0.0
116650,0.0
116700,0.0
116750,0.0
116800,0.0
116850,0.0
116900,0.0
116950,2.68
117000,0.0
117050,0.0
117100,1.4532
117150,0.0
117200,0.0
117250,0.0
117300,0.0
117350,0.0
117400,0.0
117450,0.0
117500,0.0
117550,0.0
117600,0.0
117650,0.0
117700,0.0
117750,1.509
117800,1.6588
117850,2.5983
117900,1.7647
117950,0.8078
118000,1.6121
118050,0.7206
118100,1.2139
118150,0.8607
118200,5.283
118250,9.891
118300,38.8791
118350,48.7473
118400,40.6932
118450,37.4054
118500,28.6725
118550,3.592
118600,0.0
118650,2.4085
118700,1.9865
118750,1.6089
118800,1.8617
118850,1.0827
118900,1.298
118950,3.0892
119000,3.7607
119050,2.4554
119100,1.24
119150,0.0
119200,0.0
119250,0.0
119300,0.8786
119350,2.7554
119400,4.0437
119450,0.0
119500,0.0
119550,0.0
119600,0.0
119650,0.0
119700,0.0
119750,0.0
119800,0.0
119850,0.0
119900,0.0
119950,0.0
120000,0.0
120050,0.5587
120100,0.0
120150,0.0
120200,0.0
120250,1.2248
120300,1.2697
120350,0.9328
120400,0.0
120450,0.0
120500,0.0
120550,0.0
120600,0.0
120650,0.0
120700,0.0
120750,0.0
120800,0.0
120850,0.7526
120900,0.6324
120950,1.4788
121000,0.7316
121050,11.3631
121100,13.9103
121150,17.6696
121200,0.0
121250,0.0
121300,0.0
121350,0.0
121400,0.0
121450,9.7217
121500,0.0
121550,0.0
121600,0.0
121650,0.0
121700,0.0
121750,0.0
121800,0.0
121850,0.0
121900,0.0
121950,0.0
122000,0.0
122050,0.0
122100,1.631
122150,0.0
122200,0.0
122250,0.0
122300,0.0
122350,0.0
122400,0.0
122450,0.0
122500,0.0
122550,0.0
122600,0.0
122650,0.0
122700,0.0
122750,0.0
122800,0.0
122850,0.0
122900,0.0
122950,0.0
123000,0.0
123050,0.0
123100,0.0
123150,0.0
123200,0.0
123250,0.0
123300,0.0
123350,0.0
123400,0.0
123450,0.0
123500,0.0
123550,0.0
123600,0.0
123650,0.0
123700,0.0
123750,0.0
123800,0.0
123850,0.0
123900,0.0
123950,1.6093
124000,2.3429
124050,4.8079
124100,5.3924
124150,6.6719
124200,7.3749
124250,0.0
124300,0.0
124350,0.0
124400,0.0
124450,0.0
124500,0.0
124550,0.0
124600,0.0
124650,0.0
124700,0.0
124750,0.0
124800,0.0
124850,0.0
124900,0.0
124950,0.0
125000,0.0
125050,0.0
125100,0.0
125150,0.0
125200,0.0
125250,0.0
125300,0.0
125350,0.0
125400,0.0
125450,0.0
125500,0.0
125550,0.0
125600,0.0
125650,0.0
125700,0.0
125750,0.0
125800,0.0
125850,0.0
125900,0.0
125950,0.0
126000,0.0
126050,0.0
126100,13.5437
126150,0.9913
126200,3.964
126250,0.0
126300,0.0
126350,0.0
126400,0.0
126450,0.0
126500,0.0
126550,0.0
126600,0.0
126650,0.0938
126700,0.5254
126750,0.0514
126800,0.0
126850,0.0
126900,0.0
126950,0.0
127000,0.0
127050,0.0
127100,0.0
127150,0.0
127200,0.0
127250,0.0
127300,0.0
127350,0.0
127400,0.0
127450,0.0
127500,0.0
127550,0.0
127600,0.0
127650,0.0
127700,0.0
127750,0.0
127800,0.0
127850,0.0
127900,0.0
127950,0.0
128000,0.0
128050,0.0
128100,0.0
128150,0.0
128200,0.0
128250,0.0
128300,0.0
128350,0.0
128400,0.1945
128450,1.9054
128500,1.9594
128550,1.3234
128600,0.0
128650,0.0
128700,0.0
128750,0.0
128800,0.0
128850,0.0
128900,0.0
128950,0.0
129000,0.0
129050,0.0
129100,0.0
129150,0.0
129200,0.0
129250,0.0
129300,0.0
129350,1.3506
129400,1.5861
129450,3.3066
129500,33.5587
129550,26.3731
129600,22.1727
129650,18.9125
129700,4.5663
129750,16.2552
129800,32.3912
129850,5.1086
129900,4.1303
129950,1.2232
130000,0.0
130050,0.0
130100,0.0
130150,0.0
130200,0.0
130250,3.5655
130300,0.4244
130350,0.0
130400,0.0
130450,0.0
130500,0.0
130550,0.0
130600,3.2705
130650,3.1639
130700,2.5247
130750,2.3734
130800,0.0
130850,0.0
130900,0.0
130950,0.0
131000,0.0
131050,0.0
131100,0.0
131150,0.0
131200,1.2514
131250,0.4037
131300,0.0
131350,0.0
131400,0.0
131450,0.0
131500,0.0
131550,0.0
131600,0.0
131650,0.0
131700,0.0
131750,0.0
131800,0.0
131850,0.0
131900,0.0
131950,0.0
132000,0.0
132050,0.0
132100,0.0
132150,0.0
132200,0.0
132250,0.0
132300,0.0
132350,0.0
132400,0.0
132450,0.0
132500,0.0
132550,0.0
132600,0.0
132650,0.0
132700,0.0
132750,0.0
132800,0.0
132850,0.0
132900,1.312
132950,3.2123
133000,2.3695
133050,1.8803
133100,0.7286
133150,0.5806
133200,0.0
133250,0.0
133300,0.0
133350,0.0
133400,0.0
133450,0.0
133500,0.0
133550,0.0
133600,0.0
133650,0.0
133700,0.0
133750,0.0
133800,0.0
133850,0.0
133900,0.0
133950,0.0
134000,0.0
134050,0.0
134100,0.0
134150,0.0
134200,0.0
134250,0.0
134300,0.0
134350,0.0
134400,0.7207
134450,0.0
134500,0.0
134550,0.0
134600,1.0345
134650,0.9813
134700,0.0
134750,0.0
134800,0.0
134850,0.0
134900,0.0
134950,0.0
135000,0.0
135050,0.0
135100,0.0
135150,0.0
135200,0.0
135250,0.0
135300,0.0
135350,0.0
135400,0.0
135450,0.0
135500,0.0
135550,0.0
135600,0.0
135650,0.0
135700,0.0
135750,0.0
135800,0.0
135850,0.0
135900,0.0
135950,0.0
136000,0.0
136050,0.0
136100,0.0
136150,0.0
136200,0.0
136250,0.0
136300,0.0
136350,0.0
136400,0.0
136450,0.0
136500,0.0
136550,0.0
136600,0.0
136650,0.0
136700,0.0
136750,0.0
136800,0.0
136850,0.0
136900,0.0
136950,0.0
137000,0.0
137050,0.1503
137100,0.0
137150,1.2227
137200,2.0084
137250,0.5291
137300,0.0
137350,0.0
137400,0.0
137450,0.0
137500,0.0
137550,0.0
137600,0.0
137650,0.4383
137700,2.6702
137750,0.9817
137800,3.3137
137850,2.9768
137900,1.3923
137950,0.0
138000,0.0
138050,0.0
138100,0.0
138150,0.0
138200,0.0
138250,0.0
138300,0.0
138350,0.0
138400,0.0
138450,0.0
138500,0.0
138550,0.0
138600,0.0
138650,0.0
138700,0.0
138750,0.0
138800,0.0
138850,0.0
138900,0.0
138950,0.0
139000,0.0
139050,0.0
139100,0.0
139150,0.0
139200,0.0
139250,0.0
139300,0.0
139350,0.0
139400,0.0
139450,0.0
139500,0.0
139550,0.0
139600,0.0
139650,0.0
139700,0.0
139750,0.0
139800,0.0
139850,0.0
139900,0.0
139950,0.0
140000,0.0
140050,0.0
140100,0.0
140150,0.0
140200,0.1452
140250,0.3157
140300,0.4628
140350,0.0
140400,0.0
140450,0.0
140500,0.0
140550,0.0
140600,0.0
140650,0.0
140700,0.0
140750,18.4963
140800,13.3498
140850,0.0
140900,0.0
140950,0.8167
141000,3.7629
141050,6.0574
141100,6.7552
141150,5.4651
141200,4.649
141250,0.0
141300,0.0
141350,0.0
141400,0.0
141450,3.3047
141500,5.1091
141550,4.2386
141600,3.8223
141650,0.7219
141700,0.2955
141750,0.0
141800,0.0
141850,0.0
141900,0.0
141950,0.0
142000,0.0
142050,0.0
142100,0.0
142150,0.0
142200,0.0
142250,0.0
142300,0.0
142350,0.0
142400,1.417
142450,0.0
142500,1.6734
142550,0.0
142600,0.0
142650,0.0
142700,0.0
142750,0.0
142800,0.0
142850,0.0
142900,0.0
142950,0.0
143000,0.0
143050,0.0
143100,0.0
143150,0.0
143200,0.0
143250,0.0
143300,0.0
143350,0.0
143400,0.0
143450,0.0
143500,0.0
143550,0.0
143600,0.0
143650,0.0
143700,0.0
143750,0.0
143800,0.0
143850,0.0
143900,0.0
143950,0.0
144000,0.0
144050,0.0
144100,0.0
144150,0.3403
144200,0.0
144250,0.0
144300,0.0
144350,0.0
144400,0.0
144450,0.0
144500,0.0
144550,0.0
144600,1.0578
144650,0.0
144700,0.0
144750,0.0
144800,0.0
144850,0.0
144900,0.0
144950,3.2791
145000,3.1601
145050,2.6034
145100,3.4408
145150,17.7814
145200,17.3169
145250,17.9495
145300,17.366
145350,0.0
145400,0.0
145450,0.0
145500,0.0
145550,0.0
145600,0.0
145650,0.0
145700,0.0
145750,0.0
145800,0.0
145850,0.0
145900,0.0
145950,0.0
146000,3.0105
146050,2.0301
146100,1.2296
146150,0.0
146200,0.0
146250,0.0
146300,0.0
146350,0.0
146400,0.0
146450,0.0
146500,0.0
146550,0.0
146600,0.0
146650,0.0
146700,4.3803
146750,0.0
146800,0.0
146850,0.0
146900,0.0
146950,0.0
147000,0.0
147050,0.0
147100,0.0
147150,0.0
147200,0.0
147250,7.8932
147300,0.0
147350,20.003
147400,19.203
147450,0.0
147500,0.0
147550,0.0
147600,0.0
147650,0.0
147700,0.0
147750,0.0
147800,0.0
147850,0.0
147900,0.0
147950,0.0
148000,0.0
148050,2.9415
148100,0.0
148150,0.0
148200,0.0
148250,0.0
148300,0.0
148350,2.6356
148400,0.8527
148450,0.1405
148500,0.0
148550,0.0
148600,0.0244
148650,0.0
148700,0.4788
148750,0.0
148800,0.1119
148850,0.0
148900,0.0
148950,0.0
149000,0.0
149050,0.0
149100,0.0
149150,0.0
149200,0.0
149250,0.0
149300,1.2638
149350,2.505
149400,3.9059
149450,4.5536
149500,4.0721
149550,3.0733
149600,3.233
149650,3.7934
149700,3.577
149750,0.5948
149800,0.0
149850,0.0
149900,0.0
149950,0.0
150000,0.0
150050,9.4144
150100,0.0
150150,0.0
150200,0.0
150250,0.0
150300,0.0
150350,0.0
150400,0.0
150450,0.0
150500,0.0
150550,0.0
150600,0.0
150650,0.0
150700,0.0
150750,0.9363
150800,0.6136
150850,0.4996
150900,0.0
150950,0.0
151000,0.0
151050,0.0
151100,0.0
151150,0.0
151200,0.0
151250,0.0
151300,0.0
151350,0.0
151400,0.0
151450,0.0
151500,0.0
151550,0.0
151600,0.0
151650,0.0
151700,0.0
151750,0.0
151800,0.0
151850,0.0
151900,0.0
151950,0.0
152000,0.0
152050,0.0
152100,0.0
152150,0.0
152200,0.0
152250,0.0
152300,0.0
152350,0.0
152400,0.0
152450,0.0
152500,0.0
152550,0.0
152600,0.0
152650,0.0
152700,0.4053
152750,0.0
152800,0.0
152850,0.0
152900,0.0
152950,0.0
153000,0.0
153050,0.0
153100,0.0
153150,5.044
153200,3.1148
153250,0.0
153300,0.0
153350,0.0
153400,0.0
153450,0.0
153500,0.0
153550,0.7791
153600,1.5203
153650,2.1381
153700,0.0
153750,0.0
153800,0.0
153850,0.0
153900,0.0
153950,0.0
154000,0.0
154050,0.0
154100,0.0
154150,0.0
154200,0.0
154250,0.0
154300,0.0
154350,0.0
154400,0.0
154450,0.0
154500,0.0
154550,0.0
154600,0.0
154650,0.0
154700,0.0
154750,0.0
154800,0.0
154850,0.0
154900,0.0
154950,0.0
155000,0.0
155050,0.0
155100,0.0
155150,0.0
155200,0.0
155250,0.0
155300,0.0
155350,0.0
155400,0.0
155450,0.0
155500,0.0
155550,0.0
155600,0.0
155650,0.0
155700,2.3737
155750,0.0
155800,0.0
155850,0.0
155900,0.0
155950,0.0
156000,0.0
156050,0.0
156100,0.0
156150,0.0
156200,0.0
156250,0.0
156300,0.0
156350,0.0
156400,0.0
156450,0.0
156500,0.0
156550,0.0
156600,0.0
156650,0.0
156700,0.0
156750,0.0
156800,0.0
156850,0.0
156900,0.0
156950,0.0
157000,0.0
157050,0.0
157100,1.6954
157150,1.5211
157200,1.8445
157250,1.645
157300,2.0526
157350,3.5809
157400,0.0
157450,0.0
157500,0.0
157550,0.0
157600,0.0
157650,0.0
157700,0.0
157750,0.0
157800,0.0
157850,0.0
157900,0.0
157950,0.0
158000,0.0
158050,0.0
158100,0.0495
158150,1.61
158200,0.0
158250,0.0
158300,0.0
158350,0.0
158400,1.2578
158450,1.1141
158500,1.0084
158550,0.0342
158600,0.0
158650,0.0
158700,0.0
158750,0.0
158800,0.0
158850,0.0
158900,0.0
158950,0.0
159000,0.0
159050,0.0
159100,0.0
159150,0.0
159200,0.0
159250,0.0
159300,0.0
159350,0.0
159400,0.0
159450,0.0
159500,0.0
159550,2.2321
159600,0.0
159650,0.0
159700,0.0
159750,0.0
159800,0.0
159850,0.0
159900,0.0
159950,0.0
160000,0.0
160050,0.0
160100,1.5791
160150,0.0
160200,0.0
160250,0.0
160300,0.0
160350,0.0
160400,0.0
160450,0.0
160500,0.0
160550,0.0
160600,0.0
160650,0.0
160700,0.0
160750,0.0
160800,0.0
160850,0.0
160900,1.892
160950,0.0
161000,0.0
161050,0.0
161100,0.0
161150,0.0
161200,0.0
161250,0.0
161300,3.0494
161350,6.5124
161400,15.6411
161450,9.8489
161500,2.0434
161550,2.6409
161600,3.2918
161650,4.0199
161700,0.0
161750,0.0
161800,0.0
161850,0.0
161900,0.0
161950,0.0
162000,0.0
162050,0.0
162100,0.0
162150,0.0
162200,0.0
162250,0.0
162300,0.0
162350,0.1837
162400,0.0
162450,0.0
162500,0.0
162550,0.0
162600,0.0
162650,0.0
162700,0.0
162750,0.0
162800,4.4284
162850,3.8516
162900,3.0131
162950,0.5256
163000,0.0
163050,0.0
163100,0.0
163150,0.0
163200,0.0
163250,0.0
163300,0.0
163350,0.0
163400,0.0
163450,0.0
163500,1.0725
163550,1.5124
163600,0.0
163650,0.0
163700,0.5668
163750,1.1018
163800,1.4522
163850,1.0646
163900,0.0
163950,0.0
164000,0.0
164050,0.0
164100,0.0
164150,0.0
164200,0.0
164250,0.0
164300,0.0
164350,0.0
164400,0.0
164450,0.0
164500,0.0
164550,0.0
164600,0.0
164650,0.0
164700,0.0
164750,0.0
164800,0.0
164850,0.0
164900,0.0
164950,3.1762
165000,0.0
165050,0.0
165100,0.0
165150,0.0
165200,0.0
165250,0.0
165300,0.0
165350,0.0
165400,0.0
165450,0.0
165500,0.4577
165550,2.6679
165600,2.0662
165650,1.3436
165700,0.0
165750,0.0
165800,0.0
165850,0.0
165900,0.0
165950,0.0
166000,0.0
166050,2.5906
166100,3.2148
166150,3.9643
166200,4.1681
166250,3.6775
166300,4.4819
166350,3.126
166400,4.8083
166450,3.055
166500,0.0
166550,0.0
166600,0.0
166650,8.9116
166700,3.9419
166750,0.0
166800,0.0
166850,0.0
166900,0.0
166950,0.0
167000,0.0
167050,0.0
167100,0.8595
167150,3.0864
167200,0.0
167250,0.0
167300,0.0
167350,0.0
167400,0.0
167450,1.4495
167500,1.1827
167550,1.4768
167600,0.2527
167650,0.7491
167700,0.7393
167750,0.0
167800,0.0
167850,4.6832
167900,3.6203
167950,3.4429
168000,2.9507
168050,2.0449
168100,1.967
168150,0.0
168200,0.0
168250,0.0
168300,0.0
168350,0.0
168400,0.0
168450,0.0654
168500,1.0343
168550,2.5647
168600,2.8552
168650,1.7225
168700,0.9166
168750,0.1047
168800,1.9966
168850,0.0
168900,0.0
168950,0.0
169000,0.0
169050,0.0352
169100,1.021
169150,0.0
169200,0.0
169250,1.0332
169300,0.0
169350,0.0
169400,0.0
169450,0.0
169500,0.0
169550,0.0
169600,0.0
169650,0.0
169700,0.0
169750,0.0
169800,3.2664
169850,4.6878
169900,4.9493
169950,2.7169
170000,2.8791
170050,0.0
170100,0.0
170150,0.0
170200,0.0
170250,0.0
170300,5.3452
170350,0.0
170400,0.0
170450,0.0
170500,0.0
170550,0.0
170600,0.0
170650,0.0
170700,0.0
170750,0.0
170800,0.6023
170850,0.0
170900,0.0
170950,0.0
171000,0.0
171050,0.0
171100,0.0
171150,0.0
171200,0.0
171250,0.0
171300,0.0
171350,0.0
171400,0.0
171450,0.0
171500,0.0
171550,0.0
171600,0.0
171650,0.0
171700,2.0297
171750,1.1694
171800,16.5509
171850,17.1569
171900,0.8743
171950,0.0
172000,0.0
172050,0.0
172100,0.0
172150,0.0
172200,0.0
172250,0.0
172300,0.0
172350,0.0
172400,0.0
172450,0.0
172500,0.0
172550,0.0
172600,0.0
172650,0.0
172700,0.0
172750,0.0
172800,0.0
172850,0.0
172900,0.0
172950,0.0
173000,0.0
173050,0.0
173100,0.0
173150,0.0
173200,0.0
173250,0.0
173300,0.0
173350,0.0
173400,0.0
173450,0.0
173500,0.0
173550,0.0
173600,0.0
173650,0.0
173700,0.0
173750,0.0
173800,0.0
173850,0.0
173900,0.0
173950,0.0
174000,0.0
174050,0.0
174100,0.0
174150,0.0
174200,0.0
174250,0.4936
174300,6.2096
174350,6.2477
174400,6.6261
174450,6.3479
174500,0.2648
174550,0.0
174600,0.0
174650,0.0
174700,1.377
174750,1.9942
174800,1.9285
174850,4.4549
174900,2.2109
174950,1.5887
175000,0.6901
175050,0.0
175100,0.0
175150,0.0
175200,0.0
175250,0.0
175300,0.0
175350,0.0
175400,0.0
175450,0.0
175500,0.0
175550,0.0
175600,0.0
175650,2.9903
175700,4.7465
175750,4.7797
175800,4.3885
175850,0.0
175900,0.0
175950,0.0
176000,0.0
176050,0.0
176100,0.0
176150,0.0
176200,0.0
176250,0.0
176300,0.0
176350,0.0
176400,0.0
176450,0.0
176500,0.0
176550,0.0
176600,0.0
176650,0.0
176700,0.0
176750,0.0
176800,0.5763
176850,0.0
176900,0.0
176950,0.0
177000,0.0
177050,0.0
177100,0.0
177150,0.0
177200,0.0
177250,0.0
177300,2.209
177350,0.6529
177400,3.0112
177450,0.2773
177500,0.0
177550,0.0
177600,0.0
177650,0.0
177700,0.0
177750,1.0476
177800,0.0
177850,0.0
177900,0.9395
177950,0.0
178000,0.0
178050,0.2652
178100,0.6523
178150,0.9104
178200,1.3188
178250,0.0
178300,0.0
178350,0.0
178400,0.0
178450,0.0
178500,0.0
178550,0.0
178600,0.0
178650,0.0
178700,0.0
178750,0.0
178800,0.0
178850,0.0
178900,0.0
178950,0.0
179000,0.0
179050,0.0
179100,0.0
179150,0.0
179200,0.0
179250,0.0
179300,19.1856
179350,19.2479
179400,19.5121
179450,18.7196
179500,0.0
179550,18.6891
179600,18.1067
179650,0.0
179700,0.0
179750,0.0
179800,0.0
179850,0.0
179900,0.9616
179950,2.6327
180000,0.0
180050,0.0
180100,0.0
180150,0.0
180200,0.0
180250,0.0
180300,0.0
180350,0.0
180400,11.4312
180450,2.4008
180500,4.3911
180550,4.1727
180600,4.0739
180650,4.1025
180700,3.2878
180750,2.7702
180800,0.0
180850,0.0
180900,0.0
180950,0.0
181000,0.0
181050,0.0
181100,0.0
181150,0.0
181200,0.0
181250,0.0
181300,0.0
181350,1.1786
181400,0.9096
181450,0.1994
181500,0.2954
181550,0.0
181600,0.0
181650,0.0
181700,0.0
181750,0.0
181800,0.0
181850,0.0
181900,2.0457
181950,1.8892
182000,2.9893
182050,0.0
182100,0.0
182150,0.0
182200,0.0
182250,0.0
182300,0.0
182350,0.0
182400,0.0
182450,0.0
182500,0.0
182550,0.0
182600,0.0
182650,0.0
182700,0.0
182750,0.0
182800,0.0
182850,0.0
182900,0.0
182950,0.7793
183000,0.2402
183050,0.0
183100,0.0381
183150,0.0
183200,0.0
183250,0.0
183300,0.0
183350,0.0
183400,0.0
183450,0.0
183500,0.0
183550,0.0
183600,0.0
183650,0.0
183700,0.0
183750,0.0
183800,0.0
183850,0.0
183900,0.0
183950,0.0
184000,0.0
184050,0.0
184100,0.0
184150,0.0
184200,0.0
184250,0.0
184300,0.0
184350,0.0
184400,17.862
184450,19.2664
184500,18.9683
184550,0.0
184600,0.0
184650,0.0
184700,0.0
184750,0.0
184800,0.0
184850,0.0
184900,0.0
184950,0.0
185000,0.0
185050,0.0
185100,0.6726
185150,0.953
185200,2.0008
185250,0.1805
185300,0.0
185350,0.0
185400,0.0
185450,0.0
185500,0.0
185550,0.0
185600,0.0
185650,0.0
185700,0.0
185750,0.0
185800,0.0
185850,0.0
185900,0.0
185950,0.0
186000,0.0
186050,0.0
186100,0.0
186150,0.0
186200,0.0
186250,0.0
186300,0.0
186350,0.0
186400,0.0
186450,0.0
186500,0.0
186550,0.0
186600,0.0
186650,0.0
186700,0.0
186750,0.0
186800,0.0
186850,0.0
186900,0.0
186950,0.0
187000,0.0
187050,0.0
187100,0.0
187150,0.0
187200,0.0
187250,0.0
187300,0.0
187350,0.0
187400,0.0
187450,0.0
187500,1.5002
187550,2.5118
187600,3.0774
187650,1.2665
187700,0.5963
187750,0.0
187800,0.0
187850,0.0
187900,0.0
187950,0.0
188000,0.0
188050,0.0
188100,0.0
188150,0.0
188200,0.0
188250,0.0
188300,2.724
188350,0.6404
188400,0.0
188450,0.0
188500,0.0
188550,0.0
188600,0.0
188650,0.0
188700,0.0
188750,0.0
188800,0.0
188850,0.0
188900,0.0
188950,0.0
189000,0.0
189050,0.0
189100,0.0
189150,0.0
189200,0.8584
189250,0.3386
189300,0.0357
189350,0.0
189400,0.0
189450,0.0
189500,0.8325
189550,0.0
189600,0.0
189650,1.2695
189700,1.7372
189750,2.7104
189800,3.9945
189850,4.3829
189900,2.3394
189950,1.4952
190000,0.0
190050,0.0
190100,19.0144
190150,19.5191
190200,18.2351
190250,0.2929
190300,0.0
190350,0.0
190400,0.0
190450,0.0
190500,0.0
190550,0.0
190600,0.0
190650,0.0
190700,0.0
190750,0.0
190800,0.0
190850,4.0521
190900,1.8741
190950,0.8042
191000,0.0
191050,0.0
191100,0.0
191150,0.0
191200,0.0
191250,0.0
191300,0.0
191350,0.0
191400,0.0
191450,0.0
191500,0.0
191550,0.0
191600,0.0
191650,0.0
191700,0.0
191750,0.0
191800,0.0
191850,1.6193
191900,1.6371
191950,0.9426
192000,0.0
192050,0.0
192100,0.0
192150,0.0
192200,0.0
192250,0.0
192300,2.2517
192350,2.3583
192400,1.1599
192450,3.2954
192500,2.9359
192550,4.0687
192600,1.0591
192650,0.0
192700,0.0
192750,0.0
192800,0.0
192850,0.0
192900,0.0
192950,0.0
193000,0.0
193050,0.0
193100,0.0
193150,0.0
193200,0.0
193250,0.0
193300,0.0
193350,0.0
193400,6.2693
193450,2.7016
193500,6.9779
193550,2.009
193600,1.2607
193650,6.3274
193700,0.0
193750,0.0
193800,0.0
193850,0.0
193900,0.0
193950,0.0
194000,0.0
194050,0.0
194100,0.0
194150,0.0
194200,0.0
194250,0.0
194300,0.0
194350,0.0
194400,0.0
194450,0.0
194500,0.0
194550,0.0
194600,0.0
194650,0.0
194700,0.0
194750,0.0
194800,1.7755
194850,1.4673
194900,0.6327
194950,0.0
195000,0.0
195050,0.0
195100,0.0
195150,0.0
195200,0.0
195250,0.0
195300,0.0
195350,0.5262
195400,0.0
195450,0.0
195500,2.6765
195550,3.9565
195600,4.6722
195650,4.4198
195700,2.7225
195750,18.7701
195800,15.5683
195850,14.7545
195900,13.8683
195950,0.8575
196000,0.1369
196050,0.3274
196100,0.0
196150,2.1367
196200,2.1892
196250,2.1711
196300,2.6722
196350,0.7653
196400,0.3491
196450,0.4116
196500,0.0
196550,0.0
196600,0.0
196650,0.0
196700,0.0
196750,0.0
196800,0.0
196850,0.0
196900,0.0
196950,0.0
197000,18.0113
197050,2.9324
197100,2.1526
197150,1.071
197200,0.0
197250,0.0
197300,0.0
197350,0.7846
197400,0.9218
197450,1.5208
197500,1.0701
197550,0.0
197600,0.0
197650,0.8766
197700,0.0
197750,0.0
197800,0.0
197850,0.0
197900,0.0
197950,0.0
198000,0.0
198050,0.0
198100,0.0
198150,0.0
198200,0.0
198250,0.0
198300,0.0
198350,0.0
198400,0.0
198450,1.4612
198500,1.1868
198550,1.052
198600,0.0
198650,0.0
198700,0.0
198750,0.0
198800,0.0
198850,0.0
198900,0.0
198950,0.0
199000,0.0
199050,0.0
199100,0.0
199150,0.0
199200,0.0
199250,0.0
199300,0.0
199350,0.0
199400,0.0
199450,0.0
199500,0.0
199550,0.0
199600,0.0
199650,0.0
199700,0.0
199750,3.6195
199800,18.4268
199850,19.6596
199900,20.572
199950,15.8054
200000,0.0
200050,0.0
200100,0.0
200150,0.0
200200,0.0
200250,0.0
200300,0.0
200350,0.0
200400,0.0
200450,0.0
200500,0.0
200550,0.0
200600,6.6416
200650,0.0
200700,0.0
200750,0.0
200800,0.0
200850,0.0
200900,0.0
200950,0.0
201000,0.0
201050,0.0
201100,0.0
201150,0.0
201200,0.0
201250,0.0
201300,0.0
201350,1.5805
201400,0.1337
201450,0.0
201500,0.0
201550,0.0
201600,0.9144
201650,12.8597
201700,2.7001
201750,2.1896
201800,2.6771
201850,1.9497
201900,0.5143
201950,0.0
202000,0.0
202050,2.5545
202100,4.1323
202150,3.9741
202200,1.8348
202250,0.0
202300,0.0
202350,0.2638
202400,1.3081
202450,2.3229
202500,1.4223
202550,2.4939
202600,0.9123
202650,1.3052
202700,1.4915
202750,2.3903
202800,2.3042
202850,1.899
202900,0.0
202950,0.2642
203000,0.0
203050,0.0
203100,0.0
203150,0.0
203200,0.3397
203250,19.2146
203300,18.8359
203350,18.9866
203400,0.0
203450,0.0
203500,0.4775
203550,0.2766
203600,0.0
203650,0.0
203700,0.2466
203750,5.6646
203800,7.7893
203850,4.127
203900,2.1985
203950,0.0
204000,0.0
204050,0.0
204100,0.0
204150,1.3705
204200,2.6881
204250,3.4342
204300,4.0175
204350,0.0
204400,0.6364
204450,2.6223
204500,4.5153
204550,1.8982
204600,2.301
204650,0.4675
204700,0.0
204750,0.0
204800,0.0
204850,0.0
204900,0.0
204950,0.0
205000,0.0
205050,0.0
205100,1.3416
205150,1.8545
205200,0.0
205250,16.9235
205300,0.0
205350,0.0
205400,0.0
205450,0.0
205500,0.0
205550,4.9281
205600,3.0933
205650,0.0
205700,0.0
205750,0.0
205800,0.0
205850,0.0
205900,0.0
205950,0.0
206000,0.0
206050,0.0
206100,0.0
206150,0.0
206200,0.0
206250,0.0
206300,0.0
206350,0.0
206400,0.0
206450,0.0
206500,0.0
206550,0.0
206600,0.0
206650,0.0
206700,0.0
206750,0.0
206800,0.0
206850,0.0
206900,0.0
206950,0.0
207000,0.0
207050,0.0
207100,0.0
207150,0.0
207200,0.0
207250,0.0
207300,0.0
207350,0.0
207400,0.1739
207450,0.2845
207500,0.7515
207550,0.0
207600,0.0
207650,0.0
207700,0.0
207750,0.0
207800,0.0
207850,0.0
207900,0.0
207950,0.0
208000,0.0
208050,0.0
208100,0.0
208150,0.0
208200,0.9202
208250,3.3223
208300,2.8029
208350,1.4219
208400,0.0
208450,0.0
208500,0.0
208550,0.0
208600,0.0
208650,0.0
208700,1.9197
208750,0.5844
208800,0.5086
208850,0.0
208900,0.0
208950,0.0
209000,0.0
209050,0.0
209100,0.0
209150,0.0
209200,0.0
209250,0.0
209300,0.0
209350,0.0
209400,0.0
209450,0.0
209500,0.0
209550,0.3486
209600,0.0
209650,0.0
209700,0.0
209750,0.0
209800,0.0
209850,0.0
209900,0.7589
209950,1.0999
210000,0.8021
210050,0.5086
210100,2.1634
210150,3.5298
210200,0.0
210250,0.0
210300,0.0
210350,0.0
210400,0.0
210450,0.0
210500,0.0
210550,0.0
210600,0.0
210650,0.0
210700,0.0
210750,0.0
210800,1.0759
210850,0.9465
210900,1.6003
210950,0.0
211000,17.6465
211050,17.1025
211100,5.6254
211150,5.096
211200,1.622
211250,1.7805
211300,0.6621
211350,0.0
211400,0.0
211450,0.0
211500,0.0
211550,0.0
211600,0.0
211650,0.0
211700,0.0
211750,0.0
211800,0.9516
211850,0.0
211900,0.0
211950,0.0
212000,0.0
212050,0.0
212100,0.0
212150,0.0
212200,0.0
212250,0.0
212300,19.1097
212350,0.0
212400,0.0
212450,0.0
212500,0.0
212550,0.0
212600,0.0
212650,0.0
212700,0.0
212750,0.0
212800,0.0
212850,0.0
212900,0.0
212950,0.0
213000,0.0
213050,0.0
213100,0.0
213150,0.0
213200,0.0
213250,0.0
213300,0.0
213350,0.0
213400,0.0
213450,0.0
213500,0.0
213550,0.0
213600,0.0
213650,0.0
213700,0.0
213750,0.0
213800,0.0
213850,0.0
213900,0.0
213950,0.0
214000,0.0
214050,0.0
214100,0.0
214150,0.0
214200,0.0
214250,0.0
214300,0.0
214350,0.0
214400,0.0
214450,0.0
214500,0.0
214550,0.0
214600,0.0
214650,0.0
214700,0.0
214750,0.0
214800,0.8129
214850,0.0
214900,0.0
214950,0.0
215000,0.0
215050,0.0
215100,0.0
215150,0.0
215200,0.0
215250,0.0
215300,0.0
215350,0.5535
215400,0.0
215450,0.0
215500,0.0
215550,0.0
215600,0.0
215650,0.0
215700,0.0
215750,0.0
215800,13.9752
215850,0.0
215900,0.0
215950,0.0
216000,0.0
216050,0.0
216100,0.0
216150,0.0
216200,0.0
216250,0.0
216300,0.0
216350,0.0
216400,0.0
216450,0.0
216500,0.0
216550,0.0
216600,0.0
216650,0.0
216700,0.0
216750,0.0
216800,0.0
216850,0.0
216900,0.0
216950,0.0
217000,0.0
217050,0.3242
217100,0.5872
217150,1.0552
217200,0.4935
217250,0.0
217300,0.0
217350,0.0
217400,0.0
217450,0.0
217500,0.0
217550,2.4994
217600,2.1395
217650,0.0
217700,0.0
217750,0.0
217800,0.0
217850,0.0
217900,0.545
217950,0.0
218000,0.0
218050,0.0
218100,0.0
218150,0.0
218200,0.0
218250,0.0
218300,0.0
218350,0.0
218400,0.0
218450,0.0
218500,0.0
218550,0.0
218600,0.0
218650,0.0
218700,0.0
218750,0.0
218800,0.0
218850,0.0
218900,0.0
218950,0.0
219000,0.0
219050,0.0
219100,0.0
219150,0.0
219200,0.0
219250,0.0
219300,0.0
219350,0.0
219400,0.0
219450,0.0
219500,0.0
219550,0.0
219600,0.0
219650,0.0
219700,0.0
219750,0.0
219800,0.0
219850,0.0
219900,0.0
219950,0.0
220000,0.0
220050,0.0
220100,0.0
220150,0.0
220200,0.0
220250,0.0
220300,0.0
220350,0.0
220400,0.0
220450,0.0
220500,0.0
220550,0.0
220600,0.0
220650,0.0
220700,0.0
220750,0.0
220800,0.0
220850,0.0
220900,0.0
220950,0.0
221000,0.0
221050,0.0
221100,0.0
221150,0.0
221200,0.0
221250,0.0
221300,0.0
221350,0.0
221400,0.0
221450,0.0
221500,0.0
221550,0.0
221600,0.0
221650,0.0
221700,0.0
221750,1.024
221800,0.1985
221850,0.0
221900,0.0
221950,0.0
222000,0.0
222050,0.0
222100,0.0
222150,0.0
222200,0.0
222250,0.0
222300,0.0
222350,0.7619
222400,0.0
222450,1.078
222500,1.1633
222550,1.7134
222600,1.0212
222650,0.0
222700,0.0
222750,0.0
222800,0.0
222850,0.0
222900,0.0
222950,0.0
223000,0.0
223050,0.0
223100,0.0
223150,0.0
223200,3.4169
223250,14.0486
223300,4.9959
223350,0.0
223400,0.0
223450,0.0
223500,0.0
223550,0.0
223600,0.0
223650,0.0
223700,0.0
223750,0.0
223800,0.0
223850,0.0
223900,0.0
223950,0.0
224000,0.0
224050,0.0
224100,0.0
224150,0.0
224200,0.0
224250,0.0
224300,0.0
224350,0.0
224400,0.0
224450,0.0
224500,0.0
224550,0.0
224600,0.0
224650,0.0
224700,0.0
224750,0.0
224800,0.0
224850,0.0
224900,0.0
224950,0.0
225000,0.0
225050,0.0
225100,0.0
225150,0.3832
225200,0.7599
225250,1.0793
225300,0.0
225350,0.0
225400,0.0
225450,0.0
225500,0.0
225550,0.0
225600,0.0
225650,0.0
225700,0.0
225750,0.0
225800,0.0
225850,0.0
225900,0.0
225950,0.0
226000,0.0
226050,0.0
226100,0.0
226150,0.0
226200,0.0
226250,0.0
226300,0.0
226350,0.0
226400,0.0
226450,0.0
226500,0.0
226550,0.0
226600,0.0
226650,0.0
226700,0.9453
226750,2.0592
226800,1.6322
226850,0.0
226900,0.0
226950,0.0
227000,0.0
227050,0.0
227100,0.0
227150,0.0
227200,0.0
227250,4.6895
227300,0.0
227350,0.0
227400,0.0
227450,0.0
227500,0.0
227550,0.0
227600,0.0
227650,0.0
227700,0.0
227750,0.0
227800,0.0
227850,0.0
227900,0.0
227950,0.0
228000,0.0
228050,0.0
228100,0.0
228150,0.0
228200,1.5719
228250,0.0
228300,0.0
228350,0.0
228400,0.0
228450,0.0
228500,0.7081
228550,2.517
228600,1.8288
228650,1.721
228700,0.0
228750,0.0
228800,1.0995
228850,3.3754
228900,1.2432
228950,3.6195
229000,3.6352
229050,3.498
229100,3.1988
229150,0.0
229200,0.0
229250,0.0
229300,0.0
229350,1.6867
229400,1.6344
229450,3.4318
229500,0.0
229550,1.5662
229600,1.4796
229650,1.974
229700,5.3138
229750,4.6194
229800,5.2354
229850,0.0
229900,0.0
229950,0.7597
230000,2.4266
230050,2.8446
230100,2.4911
230150,0.0757
230200,0.0
230250,0.0
230300,0.0
230350,0.0
230400,0.0
230450,0.0
230500,0.0
230550,0.2751
230600,2.3891
230650,2.914
230700,4.0281
230750,2.5006
230800,0.8765
230850,0.1807
230900,0.0
230950,0.0
231000,0.0
231050,0.0
231100,0.0
231150,0.0
231200,0.0
231250,0.0
231300,0.0
231350,0.0
231400,1.3989
231450,1.6007
231500,0.0
231550,1.4518
231600,0.0
231650,0.0
231700,0.0
231750,0.0
231800,0.0
231850,0.0
231900,0.0
231950,0.0
232000,0.0
232050,0.0
232100,0.0
232150,0.0
232200,0.0
232250,0.0
232300,0.0
232350,0.0
232400,0.0
232450,0.0
232500,0.0
232550,0.0
232600,0.0
232650,0.0
232700,0.0
232750,0.0
232800,0.0
232850,0.0
232900,0.0
232950,0.0
233000,0.0
233050,2.9001
233100,2.9819
233150,4.9176
233200,2.4831
233250,1.9296
233300,0.6825
233350,0.5782
233400,0.0
233450,0.0
233500,0.0
233550,0.0
233600,0.0
233650,0.0
233700,0.0
233750,0.2326
233800,0.0
233850,0.0
233900,0.0
233950,0.0
234000,0.0
234050,0.0
234100,0.0
234150,0.0
234200,0.0
234250,0.0
234300,0.0
234350,0.0
234400,0.0
234450,0.0
234500,0.0
234550,0.0
234600,0.0
234650,0.0
234700,0.0
234750,1.4478
234800,0.9432
234850,0.4438
234900,0.43
234950,0.0
235000,0.0
235050,0.0
235100,0.0
235150,0.0
235200,0.0
235250,0.0
235300,0.0
235350,0.0
235400,0.0
235450,0.0
235500,0.0
235550,6.2035
235600,2.99
235650,0.0
235700,0.0
235750,1.1392
235800,0.0
235850,0.0
235900,0.0
235950,0.0
236000,0.0
236050,0.0
236100,0.0
236150,0.0
236200,0.0
236250,0.0
236300,0.0
236350,0.0
236400,0.0
236450,0.0
236500,0.0
236550,0.0
236600,0.0
236650,0.0
236700,0.0
236750,1.0311
236800,0.9827
236850,10.2386
236900,0.0
236950,0.0
237000,0.0
237050,0.0
237100,0.0
237150,0.0
237200,0.0
237250,0.0
237300,0.0
237350,0.0
237400,0.0
237450,0.0
237500,0.0
237550,0.0
237600,0.0
237650,0.0
237700,0.0
237750,0.0
237800,0.0
237850,1.6126
237900,2.3403
237950,4.3207
238000,0.0
238050,0.0
238100,0.0
238150,0.0
238200,0.0
238250,0.0
238300,0.0
238350,0.0
238400,0.0
238450,0.0
238500,0.0
238550,0.5814
238600,3.6979
238650,4.2915
238700,2.9046
238750,0.486
238800,0.0
238850,0.0
238900,0.0
238950,0.0
239000,0.0
239050,0.0
239100,0.0
239150,0.0
239200,0.0
239250,0.0
239300,0.0
239350,4.076
239400,3.9991
239450,0.0
239500,0.0
239550,0.0
239600,0.0
239650,0.0
239700,0.0
239750,0.0
239800,0.0
239850,0.0
239900,0.0
239950,0.0
240000,0.0
240050,0.0
240100,12.9236
240150,2.089
240200,0.0
240250,0.0
240300,0.0
240350,0.0
240400,0.0
240450,0.0
240500,0.0
240550,0.0
240600,0.0
240650,0.0
240700,0.0
240750,0.0
240800,0.0
240850,0.0
240900,0.0
240950,0.0
241000,0.0
241050,0.0
241100,0.0
241150,0.0
241200,0.0
241250,0.4695
241300,0.7208
241350,0.7586
241400,0.3649
241450,0.0
241500,0.0
241550,0.0
241600,0.0
241650,8.2064
241700,18.1876
241750,20.1039
241800,14.4605
241850,3.7912
241900,12.7359
241950,27.651
242000,40.0172
242050,37.0312
242100,30.714
242150,11.4244
242200,3.0936
242250,0.8476
242300,1.3668
242350,0.0
242400,0.0
242450,0.0
242500,0.0
242550,0.0
242600,0.0
242650,0.0
242700,0.0
242750,1.5673
242800,1.4694
242850,0.4414
242900,1.1091
242950,0.4585
243000,0.7824
243050,0.9302
243100,0.0
243150,0.0
243200,0.0
243250,0.0
243300,1.1133
243350,0.0
243400,0.3212
243450,1.3219
243500,1.1129
243550,0.9789
243600,0.9835
243650,0.0
243700,0.0
243750,0.0
243800,0.0
243850,0.0
243900,0.0
243950,0.0
244000,0.0
244050,0.0
244100,0.0
244150,0.0
244200,0.0
244250,0.0036
244300,0.0
244350,0.0
244400,0.0
244450,0.0
244500,0.0
244550,0.0
244600,0.0
244650,0.0
244700,0.0
244750,0.0
244800,0.0
244850,0.0
244900,0.0
244950,0.0
245000,5.6229
245050,2.8218
245100,0.0
245150,1.6393
245200,0.5258
245250,0.412
245300,0.1231
245350,0.0
245400,1.3266
245450,0.0
245500,0.0
245550,0.0
245600,0.0
245650,0.0
245700,0.0
245750,0.0
245800,0.0
245850,0.0
245900,0.0
245950,0.7458
246000,0.0
246050,0.0
246100,0.0
246150,0.0
246200,0.0
246250,0.9643
246300,0.4204
246350,0.0132
246400,0.0
246450,0.0
246500,0.0
246550,0.0
246600,0.0
246650,0.0
246700,0.0
246750,0.0
246800,0.0
246850,0.0
246900,0.0
246950,0.0
247000,0.0
247050,0.0
247100,0.0
247150,0.0
247200,2.7305
247250,3.607
247300,3.1146
247350,1.3288
247400,0.0
247450,0.0
247500,0.0
247550,0.0
247600,0.0
247650,0.0
247700,0.0
247750,0.0
247800,0.0
247850,0.0
247900,0.0
247950,0.0
248000,0.0
248050,0.0
248100,0.0
248150,0.0
248200,0.2966
248250,0.6428
248300,0.3891
248350,0.0
248400,0.0
248450,0.1128
248500,0.4502
248550,1.3357
248600,1.869
248650,1.7083
248700,2.5749
248750,0.0
248800,0.7187
248850,1.0453
248900,1.5164
248950,0.0051
249000,0.0
249050,0.0
249100,0.0
249150,0.0
249200,0.0
249250,1.1388
249300,0.0
249350,0.0
249400,17.1752
249450,20.3181
249500,19.9312
249550,18.5879
249600,0.0
249650,0.0
249700,0.0
249750,0.0
249800,0.0
249850,0.0
249900,0.0
249950,0.0
250000,0.0
250050,0.0
250100,0.0
250150,0.0
250200,0.0
250250,0.0
250300,0.0
250350,0.0
250400,0.0
250450,0.0
250500,0.0
250550,0.0
250600,0.0
250650,0.0
250700,0.0
250750,0.8878
250800,0.8293
250850,0.6634
250900,0.0
250950,0.0
251000,0.0
251050,2.2523
251100,1.1421
251150,0.2384
251200,0.0
251250,0.0
251300,0.0
251350,2.1096
251400,2.8661
251450,0.4712
251500,1.2486
251550,0.5968
251600,1.1534
251650,0.5212
251700,0.0
251750,0.0
251800,0.0
251850,0.0
251900,0.0
251950,0.0
252000,0.0
252050,0.0
252100,0.0
252150,0.0
252200,0.0
252250,1.7872
252300,2.1916
252350,2.3887
252400,2.0141
252450,0.0
252500,0.0
252550,0.0
252600,0.0
252650,0.0
252700,0.0
252750,0.0
252800,0.0
252850,0.0
252900,0.0
252950,0.0
253000,0.244
253050,1.7955
253100,2.6044
253150,3.0875
253200,2.9906
253250,2.001
253300,0.4144
253350,0.0
253400,0.0
253450,0.0
253500,0.0
253550,0.0
253600,0.0
253650,0.0
253700,0.0
253750,0.0
253800,0.0
253850,0.0
253900,2.8865
253950,0.0
254000,0.0
254050,0.0
254100,0.0
254150,0.0
254200,0.0
254250,0.0
254300,0.0
254350,0.0
254400,0.0
254450,0.0
254500,0.0
254550,0.0
254600,0.0
254650,0.0
254700,0.0
254750,0.0
254800,0.0
254850,0.0
254900,1.0023
254950,2.5943
255000,6.168
255050,4.1522
255100,3.8851
255150,1.6419
255200,0.0841
255250,0.0
255300,0.0
255350,0.0
255400,0.0
255450,11.0749
255500,0.0
255550,0.0
255600,0.0
255650,0.0
255700,0.0
255750,0.0
255800,0.0
255850,0.0
255900,0.0
255950,0.0
256000,0.0
256050,0.0
256100,0.0
256150,0.0
256200,0.0
256250,0.6821
256300,0.845
256350,0.9349
256400,0.8338
256450,0.0
256500,0.716
256550,0.2647
256600,0.0326
256650,0.7957
256700,0.0
256750,0.4362
256800,0.0
256850,0.0
256900,0.0
256950,0.0
257000,0.0
257050,0.0
257100,0.0
257150,2.0059
257200,0.4381
257250,0.0
257300,0.0
257350,0.0
257400,0.0
257450,0.0
257500,0.0
257550,0.0
257600,1.0126
257650,1.5403
257700,15.2129
257750,0.0
257800,0.0
257850,0.0
257900,0.0
257950,4.0784
258000,0.0
258050,0.0
258100,0.0
258150,0.0
258200,0.0
258250,2.3146
258300,1.7785
258350,1.2875
258400,1.879
258450,0.1688
258500,0.3273
258550,0.4123
258600,0.0
258650,0.0
258700,1.5832
258750,0.0
258800,0.0
258850,0.0
258900,0.0
258950,0.0
259000,0.0
259050,0.0
259100,16.4908
259150,18.0667
259200,9.2147
259250,5.9419
259300,0.0
259350,0.0
259400,0.0
259450,0.0
259500,0.0
259550,0.0
259600,0.0
259650,0.0
259700,0.0
259750,0.0
259800,0.0
259850,0.0
259900,0.0
259950,0.0
260000,0.0
260050,0.0
260100,0.0
260150,0.0
260200,0.0
260250,1.4399
260300,1.9703
260350,2.3
260400,2.2707
260450,0.0
260500,0.0
260550,0.0
260600,0.0
260650,0.0
260700,0.0
260750,0.0
260800,0.0
260850,2.0183
260900,2.0944
260950,5.4649
261000,9.6698
261050,0.1765
261100,0.0
261150,0.4853
261200,0.4482
261250,0.0
261300,0.0
261350,1.0471
261400,1.9245
261450,0.9653
261500,0.0
261550,0.0
261600,0.0
261650,0.0
261700,0.0
261750,0.0
261800,0.0
261850,0.0
261900,0.0
261950,0.0
262000,0.0
262050,0.0
262100,0.0
262150,2.4802
262200,1.1401
262250,0.8051
262300,0.0
262350,0.0
262400,0.0
262450,0.0
262500,0.0
262550,19.3854
262600,18.1784
262650,0.0
262700,0.0
262750,0.0
262800,0.0
262850,0.0
262900,0.0
262950,0.0
263000,0.0
263050,0.0
263100,0.0
263150,0.0
263200,0.0
263250,0.0
263300,0.0
263350,0.0
263400,0.0
263450,0.0
263500,0.0
263550,0.0
263600,0.0
263650,0.0
263700,0.0
263750,0.1374
263800,0.0
263850,0.0
263900,0.0
263950,0.0
264000,0.0
264050,0.0
264100,0.0
264150,0.0
264200,0.0
264250,0.0
264300,0.0
264350,0.0
264400,0.0
264450,0.0
264500,0.8743
264550,0.9691
264600,0.8956
264650,0.0
264700,0.0
264750,0.0
264800,0.0
264850,0.0
264900,0.0
264950,0.0
265000,0.0
265050,0.0
265100,0.0
265150,0.0
265200,0.0
265250,0.0
265300,0.0
265350,0.0
265400,0.0
265450,0.0
265500,0.0
265550,0.0
265600,0.0
265650,0.0
265700,0.0
265750,0.0
265800,0.2578
265850,0.0
265900,0.0
265950,0.0
266000,0.0
266050,0.0
266100,0.0
266150,0.0
266200,0.0
266250,0.0
266300,0.0
266350,0.0
266400,0.0
266450,0.0
266500,0.0
266550,0.0
266600,0.0
266650,2.0135
266700,1.134
266750,0.0
266800,0.0
266850,0.0
266900,0.0
266950,0.0
267000,17.1701
267050,18.2931
267100,18.6753
267150,0.7785
267200,1.5682
267250,1.462
267300,0.933
267350,0.3698
267400,0.0
267450,0.0
267500,0.0
267550,0.0
267600,0.0
267650,0.0
267700,0.0
267750,0.0
267800,0.0
267850,0.0
267900,0.0
267950,0.6357
268000,0.0
268050,0.0724
268100,0.0
268150,0.0
268200,0.0
268250,0.0
268300,0.0
268350,0.0
268400,0.0
268450,0.0
268500,4.4398
268550,2.8644
268600,0.0
268650,0.0
268700,0.0
268750,0.0
268800,0.0
268850,0.0
268900,0.0
268950,0.0
269000,0.0
269050,0.0
269100,0.0
269150,0.0
269200,0.4573
269250,0.0
269300,1.5914
269350,3.0771
269400,2.2039
269450,1.535
269500,0.0
269550,0.0
269600,0.0
269650,0.0
269700,0.0
269750,0.0
269800,0.9527
269850,0.0
269900,0.0
269950,0.0
270000,0.0
270050,0.0
270100,0.0
270150,0.0
270200,0.0
270250,0.0
270300,0.0
270350,0.0
270400,0.0
270450,0.0
270500,0.0
270550,2.0144
270600,0.0
270650,0.0
270700,0.0
270750,0.0
270800,0.0
270850,0.0
270900,0.0
270950,0.0
271000,0.0
271050,0.0
271100,0.0
271150,0.0
271200,15.8517
271250,0.0
271300,0.0
271350,0.0
271400,2.5122
271450,1.6511
271500,6.067
271550,1.2961
271600,0.8758
271650,0.7967
271700,0.0
271750,0.0
271800,0.0
271850,0.0
271900,19.4841
271950,0.6905
272000,0.0
272050,0.0
272100,0.0
272150,0.5019
272200,0.5263
272250,0.0
272300,0.0
272350,0.0
272400,0.4756
272450,1.2143
272500,0.0
272550,0.0
272600,0.0
272650,0.0
272700,0.0
272750,0.0
272800,0.0
272850,0.3586
272900,3.0934
272950,3.9705
273000,2.8785
273050,0.0
273100,0.0
273150,0.0
273200,8.0112
273250,23.1998
273300,4.8189
273350,1.6036
273400,0.9259
273450,12.8883
273500,16.012
273550,17.2308
273600,1.0272
273650,0.4724
273700,0.0
273750,0.0
273800,2.3563
273850,0.0
273900,0.0
273950,0.0
274000,0.8754
274050,1.4448
274100,1.6566
274150,1.3164
274200,0.0602
274250,0.0
274300,0.0
274350,0.0
274400,0.0
274450,0.0
274500,10.2409
274550,0.0
274600,0.0
274650,0.0
274700,0.0
274750,0.0
274800,0.0
274850,0.0
274900,0.0
274950,0.0
275000,0.0
275050,0.0
275100,0.0
275150,0.7307
275200,0.0
275250,0.0
275300,0.0
275350,0.0
275400,0.0
275450,0.0
275500,0.0
275550,0.0
275600,0.0
275650,0.0
275700,0.0
275750,0.1494
275800,0.95
275850,0.0
275900,0.0
275950,0.3395
276000,0.2256
276050,1.306
276100,0.1083
276150,0.0
276200,0.0
276250,0.0
276300,0.0
276350,0.0
276400,0.0
276450,0.0
276500,0.0
276550,0.0
276600,0.0
276650,0.0
276700,0.0
276750,0.0
276800,0.0
276850,0.0
276900,0.0
276950,0.0
277000,0.0
277050,0.0
277100,0.0
277150,0.0
277200,0.0
277250,0.1826
277300,0.5346
277350,0.0
277400,0.0
277450,0.0
277500,0.0
277550,0.0
277600,0.0
277650,0.0
277700,0.0
277750,0.0
277800,0.0
277850,0.0
277900,0.0
277950,0.0
278000,0.0
278050,0.0
278100,0.0
278150,0.0
278200,0.0
278250,0.0
278300,0.0
278350,0.0
278400,1.7283
278450,1.4288
278500,0.8401
278550,0.0812
278600,0.0
278650,5.3318
278700,4.5191
278750,2.7141
278800,1.5739
278850,0.0
278900,0.0
278950,0.0
279000,0.0789
279050,0.0
279100,0.0
279150,0.0
279200,0.0
279250,0.0
279300,0.0
279350,0.0
279400,0.0
279450,0.0
279500,0.0
279550,0.0
279600,0.0
279650,0.0
279700,0.0
279750,0.0
279800,0.0
279850,0.0
279900,0.0
279950,0.0
280000,0.0
280050,0.0
280100,0.0
280150,0.2362
280200,2.8673
280250,0.0
280300,0.0
280350,0.0
280400,0.0
280450,0.0
280500,0.0
280550,0.0
280600,0.0
280650,0.0
280700,0.0
280750,0.674
280800,1.031
280850,0.6694
280900,0.0
280950,0.0
281000,0.0
281050,0.0
281100,0.0
281150,0.0
281200,0.4321
281250,1.105
281300,1.3362
281350,2.1834
281400,0.0
281450,5.0485
281500,0.0
281550,0.0
281600,0.0
281650,0.0
281700,0.0
281750,0.0
281800,0.0
281850,0.0
281900,0.0
281950,0.0
282000,0.0
282050,0.0
282100,0.3129
282150,0.0
282200,0.0
282250,2.9391
282300,2.2396
282350,0.3788
282400,4.3711
282450,0.0
282500,0.0
282550,0.0
282600,0.0
282650,0.0
282700,0.0
282750,0.0
282800,0.0
282850,0.0
282900,0.0
282950,0.0
283000,0.0
283050,0.0
283100,1.7165
283150,0.8447
283200,1.6309
283250,0.0
283300,0.0
283350,0.0
283400,0.0
283450,0.0
283500,18.7313
283550,0.0
283600,0.0
283650,0.0
283700,0.0
283750,0.0
283800,0.0
283850,0.0
283900,0.0
283950,0.0
284000,0.0
284050,0.0
284100,0.0
284150,0.0
284200,0.0
284250,0.0
284300,0.0
284350,0.0
284400,0.0
284450,0.0
284500,0.0
284550,0.0
284600,0.0
284650,0.0
284700,0.0
284750,0.0
284800,0.0
284850,0.0
284900,0.0
284950,0.7362
285000,1.4678
285050,2.505
285100,1.0576
285150,1.3383
285200,2.4388
285250,3.0983
285300,3.2858
285350,0.4292
285400,0.0
285450,0.0
285500,0.0
285550,0.0
285600,0.0
285650,0.0
285700,0.0
285750,0.0
285800,0.0
285850,0.0
285900,0.828
285950,0.0
286000,0.0
286050,0.0
286100,0.0
286150,0.0
286200,0.0
286250,0.0
286300,0.0
286350,0.0
286400,0.5208
286450,1.6211
286500,2.2406
286550,1.8402
286600,1.3623
286650,0.0
286700,0.0
286750,0.5537
286800,17.2689
286850,17.0532
286900,0.0
286950,0.0
287000,0.0
287050,0.0
287100,0.0
287150,0.0
287200,0.0
287250,0.0
287300,0.0
287350,0.0
287400,0.0
287450,0.0
287500,0.0
287550,0.0
287600,0.0
287650,0.0
287700,0.0
287750,0.0
287800,0.1066
287850,0.2984
287900,1.8202
287950,0.2605
288000,0.0
288050,0.0
288100,0.0
288150,0.0
288200,0.0
288250,3.5619
288300,0.0
288350,0.0
288400,0.0
288450,18.649
288500,19.2848
288550,19.9802
288600,19.3928
288650,0.0
288700,0.0
288750,0.0
288800,0.0
288850,0.0
288900,0.0
288950,0.0
289000,0.0
289050,0.0
289100,0.0
289150,0.0
289200,0.0
289250,0.0
289300,1.301
289350,1.1311
289400,0.0
289450,0.0
289500,0.0
289550,0.1909
289600,3.9174
289650,17.3609
289700,0.0
289750,3.8152
289800,1.3245
289850,1.3944
289900,0.7915
289950,0.0
290000,0.0
290050,0.0
290100,0.0
290150,0.0
290200,1.6996
290250,0.0
290300,0.0
290350,0.3229
290400,0.9367
290450,1.4772
290500,0.0
290550,2.1584
290600,0.0
290650,0.0
290700,0.0
290750,0.0
290800,0.0
290850,0.0
290900,0.0
290950,0.0
291000,0.0
291050,0.0
291100,0.0
291150,0.0
291200,0.0
291250,0.0
291300,0.0
291350,0.0
291400,0.0
291450,0.0
291500,0.0
291550,0.0
291600,0.0
291650,0.0
291700,0.0
291750,0.0
291800,0.0
291850,0.0
291900,0.0
291950,0.0
292000,0.0
292050,0.0
292100,0.0
292150,0.0
292200,0.0
292250,0.0
292300,0.0
292350,0.0
292400,0.0
292450,0.0
292500,0.1524
292550,1.2167
292600,2.4424
292650,4.4818
292700,0.0
292750,0.0
292800,0.0
292850,0.0
292900,0.0214
292950,1.2667
293000,0.0569
293050,0.0
293100,0.0
293150,0.0
293200,0.0
293250,0.0
293300,0.0
293350,0.0
293400,0.0
293450,0.0
293500,0.0
293550,0.0
293600,0.0
293650,0.0
293700,0.0
293750,0.0
293800,0.0
293850,0.0
293900,0.0
293950,0.0
294000,0.0
294050,0.6175
294100,2.8633
294150,6.9976
294200,2.4276
294250,0.3204
294300,0.0
294350,0.0
294400,0.0
294450,0.0
294500,0.0
294550,5.4431
294600,11.2754
294650,1.0547
294700,0.0
294750,0.0
294800,0.0
294850,0.0
294900,0.0
294950,0.0
295000,0.0
295050,0.0
295100,0.0
295150,0.0
295200,0.0
295250,0.0
295300,0.0
295350,0.0
295400,0.0
295450,0.0
295500,0.0
295550,0.0
295600,2.5585
295650,0.3107
295700,0.0
295750,0.4235
295800,0.7998
295850,0.762
295900,0.3088
295950,0.0
296000,0.0
296050,0.0
296100,0.0
296150,0.0
296200,0.0
296250,0.0
296300,0.0
296350,0.0
296400,0.0
296450,0.0
296500,0.0
296550,0.0
296600,0.0
296650,0.0
296700,0.0
296750,0.0
296800,0.0
296850,0.0
296900,0.0
296950,0.0
297000,0.0
297050,0.0
297100,0.0
297150,0.0
297200,0.0
297250,0.1771
297300,15.7946
297350,0.2719
297400,0.0
297450,1.2647
297500,1.084
297550,0.9286
297600,0.0
297650,0.0
297700,0.0
297750,0.0
297800,0.0
297850,0.0
297900,0.0
297950,0.0
298000,0.0
298050,0.0
298100,0.0
298150,0.0
298200,0.0
298250,0.0
298300,0.0
298350,0.0
298400,0.0
298450,0.0
298500,0.0
298550,0.0
298600,0.0
298650,0.0
298700,0.0
298750,0.2995
298800,1.2386
298850,2.071
298900,0.7401
298950,1.2548
299000,0.5151
299050,0.0
299100,0.0
299150,0.0
299200,0.0
299250,0.0
299300,0.0
299350,0.0
299400,0.0
299450,0.0
299500,0.0
299550,0.2988
299600,0.1373
299650,0.1698
299700,0.0
299750,0.0
299800,0.0
299850,1.8322
299900,5.8292
299950,3.8799
300000,1.3618
300050,0.0
300100,0.0
300150,0.0
300200,0.0
300250,0.0
300300,2.3694
300350,1.4254
300400,1.5018
300450,0.0
300500,0.0
300550,0.0
300600,0.4444
300650,1.8834
300700,1.5838
300750,1.385
300800,1.4876
300850,1.3737
300900,0.7678
300950,0.3859
301000,0.0
301050,0.0
301100,0.0
301150,0.0
301200,0.0
301250,0.0
301300,0.0
301350,0.0
301400,1.0722
301450,0.9388
301500,0.0
301550,0.0
301600,0.0
301650,0.0
301700,0.0
301750,0.0
301800,0.0
301850,0.0
301900,3.4765
301950,1.3067
302000,0.0
302050,0.0
302100,0.0
302150,0.0
302200,0.0
302250,0.0
302300,0.0
302350,0.0
302400,0.0
302450,0.0
302500,0.0
302550,0.0
302600,0.0
302650,0.0
302700,0.0
302750,0.0
302800,0.0
302850,0.0
302900,0.0
302950,0.0
303000,0.0
303050,0.0
303100,0.0
303150,0.0
303200,0.0
303250,0.0
303300,0.0
303350,0.0
303400,0.0
303450,0.0
303500,0.5969
303550,1.5975
303600,0.0
303650,0.0
303700,0.0
303750,0.0
303800,0.0
303850,0.0
303900,0.0
303950,0.0
304000,0.0
304050,0.0
304100,0.0
304150,0.0
304200,0.0
304250,0.0
304300,0.0
304350,0.0
304400,0.0
304450,0.1984
304500,0.0
304550,18.2088
304600,18.0663
304650,0.0
304700,0.0
304750,0.0
304800,0.0
304850,0.0
304900,0.0
304950,0.0
305000,0.0
305050,0.0
305100,0.0
305150,0.0
305200,0.0
305250,0.6709
305300,0.0
305350,2.363
305400,0.0
305450,0.0
305500,0.0
305550,0.0
305600,0.0
305650,0.0
305700,3.5678
305750,5.1571
305800,4.4839
305850,5.4483
305900,1.73
305950,1.0143
306000,1.3822
306050,1.0897
306100,0.5054
306150,0.0
306200,0.0
306250,0.0
306300,0.0
306350,0.0
306400,0.0
306450,0.0
306500,0.0
306550,0.0
306600,0.0
306650,0.0
306700,0.8174
306750,0.0
306800,0.0
306850,0.0
306900,0.0
306950,0.0
307000,0.0
307050,0.0
307100,0.4385
307150,0.0
307200,20.0154
307250,18.1562
307300,15.4988
307350,0.0
307400,0.0
307450,1.1514
307500,19.8816
307550,19.9034
307600,19.7241
307650,19.6436
307700,0.0
307750,0.0
307800,0.0
307850,0.0
307900,0.0
307950,0.0
308000,0.0
308050,0.0
308100,0.0
308150,0.0
308200,0.3906
308250,0.0
308300,0.0
308350,0.0
308400,0.0
308450,0.0
308500,0.0
308550,0.0
308600,0.0
308650,0.0
308700,0.0
308750,0.0
308800,0.0
308850,0.0
308900,0.0
308950,0.0
309000,0.0
309050,0.0
309100,0.0
309150,0.0
309200,0.0
309250,0.0
309300,0.0
309350,0.0
309400,0.0
309450,0.0
309500,0.0
309550,1.3762
309600,0.2505
309650,0.0
309700,0.0
309750,0.0
309800,0.0
309850,0.0
309900,0.0
309950,0.0
310000,0.0
310050,0.0
310100,0.0
310150,0.0
310200,0.0
310250,0.0
310300,0.0
310350,0.0
310400,0.0
310450,1.5768
310500,1.5041
310550,2.7576
310600,2.7241
310650,0.8118
310700,0.0
310750,0.0
310800,0.0
310850,0.0
310900,0.0
310950,0.0
311000,0.0
311050,0.0
311100,0.0
311150,0.0
311200,0.0
311250,0.0
311300,0.0
311350,1.7906
311400,3.421
311450,2.7809
311500,2.8797
311550,0.2057
311600,0.2964
311650,0.943
311700,0.0
311750,0.0
311800,0.0
311850,0.0
311900,0.0
311950,0.0
312000,0.0
312050,0.0
312100,2.5059
312150,2.6494
312200,2.5424
312250,2.2652
312300,0.0
312350,0.0
312400,0.0
312450,0.0
312500,0.0
312550,0.0
312600,0.0
312650,0.0
312700,0.0
312750,0.0
312800,0.0
312850,1.8877
312900,1.0356
312950,0.0
313000,0.0
313050,0.0
313100,0.0
313150,2.3383
313200,1.5962
313250,2.0468
313300,2.5172
313350,0.4353
313400,0.0
313450,0.0
313500,0.0
313550,0.0
313600,0.3735
313650,0.0
313700,0.0
313750,0.0
313800,0.0
313850,0.0
313900,0.0
313950,0.0
314000,0.0
314050,0.0
314100,0.0
314150,0.0
314200,0.0
314250,0.0
314300,0.0
314350,0.0
314400,0.0
314450,0.0
314500,0.0
314550,0.0931
314600,0.0
314650,0.0
314700,0.0
314750,0.0
314800,1.614
314850,0.0
314900,1.1212
314950,0.2945
315000,0.0
315050,0.0
315100,0.0
315150,0.0
315200,0.0
315250,0.0
315300,0.0
315350,0.0
315400,0.0
315450,0.0
315500,0.0
315550,0.0
315600,0.0
315650,0.0
315700,0.0
315750,0.0
315800,0.0
315850,0.0
315900,0.0
315950,0.0
316000,0.0
316050,0.0
316100,0.0
316150,0.0
316200,0.0
316250,0.0
316300,0.0
316350,0.0
316400,0.0
316450,2.5957
316500,8.1558
316550,46.5332
316600,52.4705
316650,52.8842
316700,46.6052
316750,40.3409
316800,8.0803
316850,2.3493
316900,2.9682
316950,2.5143
317000,1.6072
317050,3.142
317100,7.8733
317150,0.0
317200,0.0
317250,0.0
317300,0.0
317350,0.0
317400,0.0
317450,0.0
317500,0.0
317550,0.0
317600,0.0
317650,0.0
317700,3.9461
317750,1.4173
317800,2.1019
317850,1.6464
317900,2.0714
317950,2.2305
318000,0.0
318050,0.0
318100,0.0
318150,0.0
318200,0.0
318250,0.0
318300,0.0
318350,0.0
318400,0.0
318450,0.0
318500,0.0
318550,0.0
318600,0.0
318650,0.0
318700,0.0
318750,0.2958
318800,0.0
318850,0.0
318900,0.0
318950,0.0
319000,0.0
319050,0.0
319100,0.0
319150,0.0
319200,0.0
319250,0.0
319300,0.0
319350,0.0
319400,0.0
319450,0.0
319500,0.0
319550,0.0
319600,0.0
319650,0.0
319700,0.0
319750,0.0
319800,0.0
319850,0.0
319900,0.0
319950,0.0
320000,0.0
320050,0.0
320100,0.0
320150,0.0
320200,2.1703
320250,0.0
320300,0.0
320350,0.0548
320400,0.0
320450,0.0
320500,0.0
320550,0.0
320600,1.4201
320650,0.0
320700,0.0
320750,0.0
320800,0.0
320850,0.0
320900,0.0
320950,0.0
321000,0.0
321050,0.0
321100,0.0
321150,0.0
321200,0.1422
321250,0.0
321300,0.6989
321350,0.2324
321400,0.0
321450,0.0
321500,0.0
321550,0.0
321600,1.1759
321650,1.7379
321700,2.8497
321750,1.3894
321800,0.0
321850,0.0
321900,0.0
321950,0.0
322000,0.0
322050,0.0
322100,0.0
322150,0.0
322200,0.0
322250,0.0
322300,0.0
322350,0.0
322400,0.0
322450,0.0
322500,0.0
322550,0.0
322600,0.0
322650,0.0
322700,0.0
322750,0.0
322800,0.0
322850,0.0
322900,0.0
322950,0.0
323000,2.0487
323050,3.8175
323100,4.7405
323150,0.0
323200,0.0
323250,0.0
323300,0.0
323350,0.0
323400,0.0
323450,0.0
323500,0.0
323550,2.2641
323600,0.0
323650,0.0
323700,0.0
323750,0.0
323800,0.0
323850,0.0
323900,0.0
323950,0.0
324000,0.0
324050,0.0
324100,0.0
324150,0.0
324200,0.0
324250,0.2322
324300,0.0
324350,0.0
324400,0.0
324450,0.0
324500,0.0
324550,0.0
324600,0.0
324650,0.0
324700,0.0
324750,0.0
324800,1.5644
324850,2.7289
324900,3.5053
324950,2.7314
325000,0.0
325050,0.0
325100,0.0
325150,0.0
325200,0.0
325250,0.0
325300,0.0
325350,0.0
325400,0.0
325450,0.0
325500,0.0
325550,0.0
325600,0.0
325650,0.0
325700,0.0
325750,0.0
325800,0.0
325850,0.0
325900,0.0
325950,0.0
326000,0.0
326050,0.0
326100,0.0
326150,0.982
326200,4.4173
326250,0.2693
326300,0.0
326350,0.0
326400,0.0
326450,0.0
326500,0.0
326550,0.0
326600,0.0
326650,0.0
326700,0.0561
326750,0.0
326800,0.0
326850,0.0
326900,0.0
326950,0.0
327000,0.0
327050,0.0
327100,0.0453
327150,0.0
327200,0.0
327250,0.0
327300,0.0
327350,0.0
327400,0.0
327450,0.0
327500,0.1051
327550,0.6045
327600,0.0
327650,0.0
327700,0.0
327750,0.0
327800,0.0
327850,0.0
327900,0.0
327950,0.0
328000,0.0
328050,0.0
328100,0.0
328150,0.0
328200,0.0
328250,13.383
328300,13.9987
328350,0.0
328400,0.0
328450,0.0
328500,0.0
328550,0.0
328600,0.0
328650,0.0
328700,0.0
328750,0.0
328800,19.0658
328850,14.6048
328900,1.9503
328950,0.0
329000,0.0
329050,0.0
329100,0.0
329150,0.0
329200,0.0
329250,0.0
329300,0.0
329350,0.0
329400,0.0
329450,0.0
329500,0.0
329550,0.0
329600,0.0
329650,0.0
329700,0.0
329750,0.0
329800,0.0
329850,0.0
329900,0.0
329950,0.0
330000,0.0
330050,0.0
330100,2.9477
330150,2.8125
330200,1.0
330250,1.8199
330300,0.2952
330350,0.8011
330400,0.0
330450,0.0
330500,1.1544
330550,0.0
330600,0.0
330650,0.0
330700,0.0
330750,2.0536
330800,0.0
330850,0.0
330900,0.0
330950,0.0
331000,0.0
331050,0.0
331100,0.0
331150,0.0
331200,0.0
331250,0.0
331300,0.0
331350,0.0
331400,0.0
331450,0.0
331500,0.0
331550,0.0
331600,0.0
331650,0.0
331700,0.0
331750,0.0
331800,0.0
331850,0.0
331900,0.0
331950,0.0
332000,0.0
332050,0.0
332100,0.0
332150,0.0
332200,0.0
332250,0.0
332300,0.9795
332350,1.0159
332400,1.794
332450,1.4621
332500,1.4205
332550,0.4693
332600,0.531
332650,0.8072
332700,0.3184
332750,0.2215
332800,0.0
332850,0.0
332900,3.524
332950,3.3783
333000,1.9816
333050,0.1738
333100,0.0
333150,0.0
333200,0.0
333250,0.0
333300,0.0
333350,0.0
333400,0.0
333450,0.0
333500,0.0
333550,0.0
333600,0.0
333650,0.0
333700,0.0
333750,0.0
333800,0.0
333850,0.0
333900,0.0
333950,0.0
334000,0.0
334050,0.0
334100,0.0
334150,0.0
334200,0.0
334250,0.0
334300,0.0
334350,0.0
334400,2.3624
334450,2.4751
334500,2.5692
334550,0.7135
334600,0.0
334650,0.0
334700,0.0
334750,0.0
334800,5.647
334850,13.5622
334900,13.7056
334950,6.7974
335000,0.0
335050,0.0
335100,0.0
335150,0.0
335200,0.0
335250,0.4285
335300,0.9818
335350,0.3576
335400,0.0
335450,0.0
335500,0.0
335550,0.0
335600,0.0
335650,0.0
335700,0.0
335750,0.0
335800,0.0
335850,0.0
335900,0.0
335950,0.0
336000,0.0
336050,0.0
336100,0.0
336150,0.0
336200,0.0
336250,0.0
336300,0.0
336350,0.0352
336400,0.0
336450,0.0
336500,0.663
336550,1.427
336600,2.7022
336650,2.3162
336700,1.4956
336750,0.0
336800,0.0
336850,0.0
336900,0.0
336950,0.0
337000,0.0
337050,0.0
337100,0.0
337150,0.0
337200,0.0
337250,0.0
337300,0.0
337350,0.0
337400,1.6989
337450,2.5472
337500,0.0
337550,0.0
337600,0.0
337650,0.0
337700,0.0
337750,0.0
337800,0.0
337850,0.0
337900,0.0
337950,0.0
338000,0.0
338050,0.0
338100,0.0
338150,0.0
338200,0.0
338250,0.0
338300,2.4439
338350,0.0199
338400,0.9886
338450,0.0
338500,0.0135
338550,1.0132
338600,1.6927
338650,0.6513
338700,0.0
338750,0.0
338800,0.0
338850,0.0
338900,0.0
338950,0.0
339000,0.0
339050,0.0
339100,0.0
339150,0.0
339200,0.0
339250,0.0
339300,0.9689
339350,2.7537
339400,2.3267
339450,1.0653
339500,0.0
339550,0.0
339600,0.0
339650,0.0
339700,0.0
339750,0.0
339800,6.7822
339850,9.466
339900,11.4297
339950,0.0
340000,0.0
340050,0.0
340100,0.0
340150,0.0
340200,0.0
340250,0.0
340300,0.3373
340350,0.7152
340400,1.0387
340450,0.0
340500,0.0
340550,0.0
340600,0.0
340650,0.0
340700,0.0
340750,0.0
340800,0.0
340850,0.0
340900,0.0
340950,0.0
341000,0.0
341050,0.0
341100,0.0
341150,0.0
341200,0.0
341250,0.0
341300,0.0
341350,0.0
341400,0.0
341450,0.0
341500,0.0
341550,0.0
341600,0.0
341650,0.0
341700,0.0
341750,0.0
341800,0.0
341850,0.0
341900,0.0
341950,0.0
342000,0.0
342050,0.0
342100,0.0
342150,0.0
342200,0.0
342250,0.0
342300,0.0
342350,0.0
342400,0.0
342450,0.0
342500,0.0
342550,0.0
342600,0.0
342650,0.0
342700,0.0
342750,0.0
342800,0.0
342850,0.0
342900,0.0
342950,0.0
343000,0.0
343050,0.9969
343100,0.4599
343150,0.3778
343200,0.0
343250,0.0
343300,0.0
343350,0.0
343400,0.0
343450,0.0
343500,0.0
343550,0.0
343600,0.0
343650,0.0
343700,0.0
343750,0.0
343800,0.0
343850,0.0
343900,0.0
343950,0.0
344000,0.0
344050,0.0
344100,0.0
344150,1.8211
344200,1.2069
344250,1.5703
344300,1.1879
344350,0.0
344400,0.0
344450,0.0
344500,0.0
344550,0.0
344600,0.0
344650,0.0
344700,0.0
344750,0.0
344800,0.0
344850,0.0
344900,0.0
344950,0.0
345000,0.0
345050,0.0
345100,0.0
345150,0.0
345200,0.0
345250,0.0
345300,0.0
345350,1.0752
345400,4.6782
345450,2.375
345500,1.5669
345550,0.0
345600,0.0
345650,0.0
345700,1.0504
345750,0.0
345800,0.0
345850,0.0
345900,0.0
345950,0.0
346000,0.8199
346050,1.37
346100,1.2227
346150,0.0
346200,0.0
346250,0.0
346300,0.0
346350,0.0
346400,0.0
346450,0.0
346500,0.0
346550,0.0
346600,1.2271
346650,3.2488
346700,2.4934
346750,2.877
346800,0.0
346850,0.0
346900,1.0115
346950,1.3267
347000,1.084
347050,1.1903
347100,0.0613
347150,0.0
347200,0.0
347250,0.0
347300,0.0
347350,0.0
347400,0.0
347450,0.0
347500,0.0
347550,0.0
347600,0.0
347650,0.0
347700,0.0
347750,0.0
347800,0.0
347850,0.0
347900,0.0
347950,0.0
348000,0.0
348050,0.9614
348100,0.0
348150,3.1398
348200,1.1074
348250,0.9706
348300,0.635
348350,0.0
348400,0.3865
348450,0.0972
348500,0.0916
348550,0.0
348600,0.0
348650,0.0
348700,0.0
348750,0.0
348800,0.7432
348850,2.1048
348900,1.7097
348950,1.2662
349000,0.0
349050,0.0
349100,0.0
349150,0.0
349200,0.0
349250,0.0
349300,0.0
349350,0.0
349400,0.0
349450,0.0
349500,0.0
349550,0.0
349600,0.0
349650,0.0
349700,0.0
349750,0.0
349800,0.0
349850,0.0
349900,0.0
349950,0.0
350000,0.3971
350050,0.4231
350100,0.0
350150,0.0
350200,0.0
350250,0.0
350300,0.0
350350,0.0
350400,0.0
350450,0.0
350500,0.0
350550,0.0
350600,0.0
350650,0.0
350700,0.0
350750,0.0
350800,0.0
350850,0.0
350900,0.0
350950,4.6694
351000,0.0
351050,0.0
351100,0.0
351150,0.0
351200,0.0
351250,0.0
351300,1.1503
351350,1.7538
351400,3.1297
351450,3.2967
351500,3.7907
351550,0.0636
351600,0.0
351650,0.0
351700,0.0
351750,2.2717
351800,3.688
351850,3.1485
351900,0.1948
351950,3.207
352000,3.6833
352050,3.8484
352100,4.0553
352150,2.5406
352200,2.9704
352250,19.2391
352300,17.4736
352350,18.2259
352400,0.0
352450,0.0
352500,0.0
352550,0.0
352600,0.2825
352650,0.0
352700,0.0
352750,0.0
352800,0.0
352850,0.0
352900,0.0
352950,0.0
353000,0.0
353050,0.0
353100,0.0
353150,0.0
353200,0.0
353250,0.0
353300,0.0
353350,0.0
353400,0.0
353450,0.0
353500,1.3291
353550,0.9583
353600,1.232
353650,0.601
353700,0.4189
353750,0.0
353800,0.0
353850,0.0
353900,0.0
353950,0.0
354000,1.4399
354050,2.3896
354100,1.59
354150,1.6452
354200,2.3032
354250,2.3655
354300,4.1467
354350,0.0
354400,0.0
354450,0.0
354500,0.0
354550,0.0
354600,0.0
354650,0.0
354700,0.0
354750,0.0
354800,0.0
354850,19.1152
354900,0.1174
354950,1.0878
355000,0.0
355050,0.0
355100,0.0
355150,0.0
355200,0.0
355250,0.0
355300,0.0
355350,0.0
355400,0.0
355450,0.0
355500,0.0
355550,0.0
355600,0.0
355650,0.0
355700,0.0
355750,0.0
355800,0.0
355850,0.0
355900,0.0
355950,0.0
356000,0.0
356050,0.0
356100,0.0
356150,2.7029
356200,3.1946
356250,0.0
356300,0.0
356350,0.0
356400,0.0
356450,0.0
356500,0.0
356550,0.0
356600,0.0
356650,0.0
356700,0.0
356750,0.0
356800,0.2248
356850,0.0
356900,0.0
356950,0.0
357000,0.0
357050,0.0
357100,0.0
357150,0.0
357200,0.0
357250,0.0
357300,2.7452
357350,3.0485
357400,1.6326
357450,0.0
357500,0.0
357550,0.0
357600,0.0
357650,0.0
357700,0.0
357750,0.0
357800,0.0
357850,0.0
357900,0.0
357950,0.0
358000,0.0
358050,0.0
358100,0.0
358150,0.0
358200,0.0
358250,0.0
358300,0.0
358350,0.0
358400,0.0
358450,0.0
358500,0.0
358550,0.0
358600,0.0
358650,1.4471
358700,0.0
358750,0.0
358800,0.0
358850,0.0
358900,0.0
358950,0.0
359000,0.0
359050,0.0
359100,0.0
359150,0.0
359200,0.0
359250,0.0
359300,0.0
359350,0.0
359400,0.0
359450,0.0
359500,0.0
359550,0.0
359600,0.0
359650,0.0
359700,0.0
359750,0.0
359800,15.265
359850,0.0
359900,0.0
359950,0.0
360000,0.0
360050,0.0
360100,0.0
360150,0.0
360200,0.0
360250,0.0
360300,0.0
360350,0.0
360400,0.0
360450,0.0
360500,0.2925
360550,0.0
360600,0.9216
360650,0.0
360700,0.0
360750,0.0
360800,0.0
360850,0.0
360900,0.0
360950,1.2659
361000,0.9258
361050,1.3441
361100,1.7225
361150,0.0
361200,0.0
361250,0.0
361300,0.0
361350,0.0
361400,0.0
361450,0.0
361500,0.0
361550,0.2565
361600,0.0
361650,0.0
361700,0.0
361750,0.0
361800,0.0
361850,0.0
361900,0.0
361950,0.0
362000,0.0
362050,0.0
362100,0.0
362150,0.0
362200,0.0
362250,0.0
362300,1.0334
362350,39.358
362400,40.7184
362450,40.6649
362500,37.5926
362550,26.8573
362600,22.0794
362650,4.7609
362700,6.0876
362750,5.2086
362800,2.6053
362850,4.4008
362900,2.6179
362950,5.0556
363000,8.2378
363050,8.2588
363100,7.8781
363150,7.5357
363200,4.8185
363250,1.4447
363300,0.0
363350,0.0
363400,0.0
363450,0.0
363500,0.0
363550,0.0
363600,0.0
363650,0.0
363700,0.0
363750,0.0
363800,0.0
363850,0.0
363900,0.0
363950,0.0
364000,0.0
364050,0.0
364100,1.5463
364150,3.0244
364200,2.5786
364250,3.2643
364300,2.7574
364350,0.0
364400,0.0
364450,0.0
364500,0.0
364550,0.0
364600,0.0
364650,0.0
364700,0.0
364750,1.2271
364800,6.4845
364850,1.3194
364900,0.0
364950,0.0
365000,0.0
365050,0.0
365100,0.0
365150,0.0
365200,0.0
365250,0.6085
365300,0.0
365350,0.0
365400,3.9181
365450,1.8797
365500,0.6581
365550,0.0
365600,0.0
365650,0.0
365700,0.0
365750,0.0
365800,0.0
365850,0.0
365900,0.0
365950,0.0
366000,0.0
366050,0.0
366100,0.0
366150,0.0
366200,0.0
366250,0.0
366300,0.0
366350,0.0
366400,0.0
366450,0.0
366500,0.0
366550,0.0
366600,0.0
366650,0.0
366700,1.824
366750,0.7199
366800,0.1308
366850,0.0
366900,0.0
366950,0.0
367000,0.0
367050,0.0
367100,0.0
367150,0.0
367200,0.0
367250,0.0
367300,3.0673
367350,4.7275
367400,0.0
367450,0.0
367500,0.0
367550,0.0
367600,0.0
367650,0.0
367700,0.0
367750,0.0
367800,0.0
367850,0.0
367900,0.0
367950,0.0
368000,13.259
368050,0.0
368100,0.0
368150,0.0
368200,0.0
368250,0.0
368300,4.5629
368350,4.3851
368400,3.6162
368450,0.0489
368500,0.0
368550,0.0
368600,0.0
368650,0.0
368700,0.0
368750,0.0
368800,0.0
368850,0.0
368900,0.0
368950,0.0
369000,0.0
369050,1.3068
369100,0.0
369150,0.0
369200,0.0
369250,0.0
369300,0.0
369350,0.0
369400,0.0
369450,0.0
369500,0.0
369550,0.0
369600,0.0
369650,0.0
369700,0.0
369750,0.0
369800,0.0
369850,0.0
369900,0.0
369950,0.0
370000,0.0
370050,0.0
370100,0.0
370150,0.0
370200,0.0
370250,0.0
370300,0.8058
370350,0.9052
370400,0.8834
370450,1.248
370500,0.0
370550,0.0
370600,0.0
370650,0.2966
370700,0.4123
370750,0.0
370800,0.6505
370850,3.1082
370900,2.8101
370950,40.2223
371000,38.8305
371050,36.5227
371100,24.5243
371150,4.0068
371200,4.1008
371250,3.4792
371300,0.7071
371350,0.0
371400,0.0
371450,0.0
371500,0.0
371550,0.0
371600,0.0
371650,0.0
371700,0.0
371750,0.0
371800,0.0
371850,0.0
371900,0.0
371950,0.0
372000,0.0
372050,0.779
372100,2.123
372150,0.874
372200,0.8658
372250,0.1075
372300,0.1723
372350,1.66
372400,0.0
372450,0.0
372500,0.0
372550,0.0
372600,0.0
372650,0.0
372700,0.0
372750,0.0
372800,0.0
372850,0.0
372900,5.4427
372950,5.8752
373000,5.3528
373050,3.3983
373100,0.4683
373150,4.4773
373200,2.4448
373250,1.7945
373300,1.0485
373350,0.0
373400,0.0
373450,0.0
373500,0.0
373550,0.0
373600,0.0
373650,0.3049
373700,0.0
373750,1.1496
373800,0.4333
373850,0.0
373900,0.0
373950,0.0
374000,0.0
374050,2.3615
374100,4.206
374150,2.403
374200,0.4764
374250,0.0
374300,0.0
374350,0.0
374400,0.0
374450,0.0
374500,0.0
374550,0.0
374600,0.0
374650,0.0
374700,0.0
374750,0.0
374800,0.0
374850,0.4913
374900,1.2396
374950,1.2061
375000,0.6354
375050,0.0
375100,0.0
375150,0.0
375200,0.0
375250,0.0
375300,0.0
375350,0.0
375400,0.0
375450,0.0
375500,0.0
375550,0.0
375600,0.0
375650,0.0
375700,0.0
375750,0.0
375800,0.0
375850,0.0
375900,0.0
375950,0.0
376000,0.0
376050,0.0
376100,0.0
376150,0.0
376200,0.0
376250,0.0
376300,0.0
376350,0.0
376400,0.0
376450,0.0
376500,0.0
376550,0.0
376600,0.0
376650,0.0
376700,0.3381
376750,0.8998
376800,0.7617
376850,0.4257
376900,0.119
376950,0.0
377000,0.0
377050,0.0
377100,0.0
377150,0.0
377200,0.0
377250,0.0
377300,0.0
377350,0.0
377400,0.0
377450,0.0
377500,0.0
377550,0.0
377600,0.0
377650,0.0
377700,0.0
377750,0.0
377800,0.0
377850,0.0
377900,0.0
377950,0.0
378000,0.0
378050,0.0
378100,0.0
378150,0.0
378200,0.0
378250,0.0
378300,0.0
378350,0.4138
378400,0.0
378450,0.0
378500,0.0
378550,0.0
378600,0.0
378650,0.0
378700,0.0
378750,0.0
378800,0.0
378850,0.0
378900,0.0
378950,0.0
379000,0.0
379050,0.0
379100,0.0793
379150,0.0
379200,0.0
379250,0.0
379300,0.2564
379350,0.0
379400,0.5563
379450,0.0
379500,3.5021
379550,2.6356
379600,2.7687
379650,0.0
379700,0.0
379750,0.0
379800,0.0
379850,0.0
379900,0.0
379950,0.0
380000,0.0
380050,0.0
380100,0.0
380150,0.0
380200,0.0
380250,0.0
380300,0.0
380350,0.0
380400,0.0
380450,0.0
380500,0.0
380550,0.0
380600,0.0
380650,0.0
380700,0.0
380750,0.0
380800,0.0
380850,0.0
380900,0.0
380950,0.0
381000,0.7497
381050,0.7925
381100,0.6261
381150,0.0
381200,0.0
381250,0.0
381300,0.0
381350,0.0
381400,0.0
381450,0.0
381500,0.0
381550,0.0
381600,0.0
381650,0.0
381700,0.0
381750,0.0
381800,0.0
381850,0.0
381900,1.2741
381950,4.2661
382000,3.8178
382050,1.9952
382100,0.0
382150,0.0
382200,0.0
382250,0.0
382300,0.0
382350,0.0
382400,0.0
382450,0.0
382500,0.0
382550,0.0
382600,0.0
382650,0.0
382700,0.0
382750,0.0
382800,0.0
382850,0.0
382900,0.0
382950,0.0
383000,0.0
383050,0.0
383100,0.0
383150,0.0
383200,0.0
383250,0.0
383300,0.0
383350,0.0
383400,0.0
383450,0.0
383500,5.3287
383550,0.0
383600,0.0
383650,18.338
383700,0.0
383750,18.2069
383800,0.0
383850,1.3091
383900,1.9573
383950,0.0
384000,0.0
384050,0.0
384100,0.0
384150,0.0
384200,1.1924
384250,2.5657
384300,1.6982
384350,1.5868
384400,0.0
384450,0.0
384500,0.0
384550,0.0
384600,0.0
384650,0.0
384700,0.0
384750,0.0
384800,0.0
384850,0.486
384900,1.3836
384950,1.2143
385000,0.0
385050,0.0
385100,0.0
385150,0.0
385200,0.0
385250,0.0
385300,0.0
385350,0.0
385400,0.0
385450,0.0
385500,0.0
385550,0.0
385600,3.8995
385650,3.1498
385700,0.5456
385750,0.0
385800,0.0
385850,0.0
385900,0.0
385950,0.0
386000,0.0
386050,0.0
386100,0.0
386150,0.0
386200,0.0
386250,0.0
386300,0.0
386350,0.0
386400,0.0
386450,0.0
386500,0.0
386550,0.0
386600,0.0
386650,0.0
386700,0.9796
386750,0.0
386800,1.6604
386850,0.0
386900,0.0
386950,0.0
387000,0.0
387050,0.0
387100,0.0
387150,0.0
387200,0.0
387250,0.0
387300,0.0
387350,1.7636
387400,3.9436
387450,16.0571
387500,7.5012
387550,4.9398
387600,3.955
387650,0.1262
387700,9.5536
387750,2.8282
387800,1.3929
387850,0.0
387900,0.0
387950,0.0
388000,0.0
388050,0.0
388100,0.0
388150,0.0
388200,0.0
388250,0.0
388300,0.0
388350,0.0
388400,0.0
388450,0.0
388500,0.0
388550,0.0
388600,0.0
388650,0.0
388700,0.0
388750,0.0
388800,2.3602
388850,0.4231
388900,0.2481
388950,1.2589
389000,1.0704
389050,0.0
389100,0.0
389150,0.0
389200,0.0
389250,0.0
389300,0.0
389350,0.9423
389400,0.6559
389450,0.5247
389500,0.4503
389550,0.0
389600,0.0
389650,0.0
389700,0.0
389750,1.1654
389800,0.0
389850,0.0
389900,0.0
389950,10.7552
390000,9.9344
390050,0.0
390100,0.0
390150,0.0
390200,0.0
390250,0.0
390300,0.0
390350,0.0
390400,0.0
390450,0.0
390500,0.0
390550,0.0
390600,0.0
390650,0.0
390700,0.0
390750,0.0
390800,0.0
390850,0.0
390900,0.0
390950,0.0
391000,0.0
391050,0.0
391100,0.0
391150,0.0
391200,0.0
391250,0.0
391300,0.0
391350,0.0
391400,0.0
391450,0.0
391500,0.0
391550,0.0
391600,0.0
391650,0.0
391700,0.0
391750,0.0
391800,0.0
391850,1.1315
391900,0.9449
391950,0.6516
392000,0.288
392050,0.0
392100,0.0
392150,0.0
392200,0.0
392250,0.0
392300,0.0
392350,0.0
392400,0.0
392450,0.0
392500,0.0
392550,0.0
392600,0.0
392650,0.0
392700,0.0
392750,0.0
392800,0.0
392850,0.0
392900,0.0
392950,0.0
393000,0.0
393050,0.0
393100,0.0
393150,0.0
393200,0.0
393250,0.0
393300,0.0
393350,0.0
393400,0.0
393450,0.0
393500,0.0
393550,2.8026
393600,0.0
393650,0.0
393700,0.0
393750,2.8331
393800,3.3059
393850,1.6767
393900,1.7351
393950,0.5197
394000,0.8494
394050,1.6829
394100,0.0
394150,0.0
394200,0.0
394250,0.1027
394300,0.3355
394350,0.4032
394400,1.3975
394450,18.9615
394500,0.0
394550,1.273
394600,1.685
394650,1.9017
394700,0.9935
394750,0.0
394800,0.0
394850,0.0
394900,0.0
394950,0.0
395000,0.0
395050,0.0
395100,0.0
395150,0.0
395200,0.0
395250,3.1078
395300,0.0
395350,0.0
395400,18.9196
395450,19.524
395500,19.8484
395550,19.5728
395600,0.0
395650,0.0
395700,0.0
395750,0.0
395800,0.0
395850,0.0
395900,0.0
395950,0.0
396000,0.0
396050,0.0
396100,0.0
396150,0.0
396200,0.0
396250,0.0
396300,0.0
396350,1.4999
396400,3.5952
396450,1.2465
396500,0.2106
396550,0.0
396600,0.0
396650,0.0
396700,0.0
396750,0.0
396800,0.0
396850,0.0
396900,0.8253
396950,2.0163
397000,2.3577
397050,2.2856
397100,0.0
397150,0.0
397200,0.0
397250,0.0
397300,0.0
397350,0.0
397400,0.0
397450,2.239
397500,2.494
397550,1.7501
397600,0.0
397650,0.0
397700,0.0
397750,0.0
397800,0.0
397850,0.3702
397900,0.0
397950,0.0
398000,0.0
398050,0.3407
398100,0.0
398150,0.0
398200,0.0
398250,0.0
398300,0.0
398350,0.0
398400,0.0
398450,0.0
398500,0.0
398550,0.0
398600,0.0
398650,0.0
398700,0.0
398750,0.0
398800,0.0
398850,0.0
398900,0.0
398950,0.0
399000,0.0
399050,0.0
399100,0.0
399150,0.0
399200,0.0
399250,19.5736
399300,1.4002
399350,0.0
399400,0.0
399450,0.0
399500,0.0
399550,0.0
399600,0.0
399650,0.0
399700,0.0
399750,0.0
399800,0.0
399850,0.0
399900,0.0
399950,0.0
400000,0.0
400050,0.0
400100,18.3192
400150,0.0
400200,0.0
400250,0.0
400300,0.0
400350,0.0
400400,0.0
400450,0.0
400500,0.0
400550,0.0
400600,0.0
400650,0.0
400700,0.0
400750,0.0
400800,0.0
400850,0.0
400900,0.0
400950,0.0
401000,0.0
401050,0.0
401100,0.0
401150,0.0
401200,0.0
401250,0.0
401300,0.0
401350,0.0
401400,0.0
401450,0.0
401500,0.0
401550,0.0
401600,0.0
401650,0.0
401700,0.0
401750,0.0
401800,9.3961
401850,3.0425
401900,0.0
401950,0.0
402000,0.0
402050,0.0
402100,0.0
402150,0.0
402200,0.0
402250,0.0
402300,0.0
402350,0.0
402400,0.0
402450,0.0287
402500,0.0
402550,0.0
402600,0.0
402650,0.0
402700,0.0
402750,0.0
402800,0.0
402850,0.0
402900,0.0
402950,0.4801
403000,2.6809
403050,0.6968
403100,1.475
403150,0.0
403200,3.5681
403250,0.0
403300,0.0
403350,0.0
403400,0.0
403450,0.0
403500,2.8355
403550,2.9083
403600,5.2658
403650,3.9397
403700,0.0
403750,0.0
403800,0.0
403850,0.0
403900,0.0
403950,0.0
404000,1.9215
404050,1.979
404100,3.251
404150,2.5584
404200,2.1898
404250,0.2805
404300,0.8757
404350,0.0
404400,0.4404
404450,0.0
404500,0.0
404550,0.0
404600,0.0
404650,0.0
404700,0.0
404750,1.7178
404800,1.1946
404850,1.2606
404900,1.103
404950,3.3836
405000,3.7801
405050,2.9716
405100,4.8888
405150,3.9094
405200,3.75
405250,0.2893
405300,19.1855
405350,0.6605
405400,2.858
405450,10.0238
405500,38.0773
405550,43.5843
405600,34.3214
405650,23.0262
405700,5.4943
405750,1.4869
405800,0.4038
405850,0.0
405900,2.0928
405950,2.7247
406000,2.2212
406050,1.2923
406100,0.0
406150,0.0
406200,0.0
406250,1.8405
406300,3.1733
406350,2.733
406400,2.0065
406450,0.7468
406500,0.2998
406550,0.0
406600,0.2127
406650,0.9426
406700,0.0
406750,0.0
406800,0.0
406850,0.0
406900,0.0
406950,0.0
407000,0.0
407050,0.0
407100,0.0
407150,0.0
407200,0.0
407250,0.0
407300,0.0
407350,0.0
407400,0.5818
407450,0.0
407500,0.0
407550,0.0
407600,0.0
407650,0.0
407700,0.0
407750,0.0
407800,0.0
407850,0.0
407900,0.0
407950,2.6491
408000,0.0
408050,2.6356
408100,3.2812
408150,1.1071
408200,0.0
408250,0.0
